Workbook

Sheet Müşteriler
A1: NİRENGİ DANIŞMANLIK | K1: emreceran.github.io/nirengi-danismanlik
A2: Müşteri bazında yaşlandırma ve limit takibi
A3: Müşteri adlarını Faturalar sayfasındakiyle birebir aynı yazın.
A5: Toplam açık alacak | B5: =SUM(C12:C111)
A6: Vadesi geçen alacak | B6: =SUM(E12:H111)
A7: Vadesi geçen oranı | B7: =IF(B5=0,0,B6/B5)
A8: 90 günden eski alacak oranı | B8: =IF(B5=0,0,SUM(H12:H111)/B5)
A9: Limiti aşan müşteri sayısı | B9: =COUNTIF(J12:J111,"LİMİT AŞILDI")
A11: Müşteri | B11: Risk limiti | C11: Toplam açık | D11: Vadesi gelmedi | E11: 1-30 gün | F11: 31-60 gün | G11: 61-90 gün | H11: 90+ gün | I11: Limit kullanımı | J11: Durum
A12: Akyol Yapı Ltd. | B12: 600000 | C12: =IF(A12="","",SUMIFS(Faturalar!$G$8:$G$407,Faturalar!$A$8:$A$407,A12,Faturalar!$G$8:$G$407,">0")) | D12: =IF(A12="","",SUMIFS(Faturalar!$G$8:$G$407,Faturalar!$A$8:$A$407,A12,Faturalar!$I$8:$I$407,"Vadesi gelmedi")) | E12: =IF(A12="","",SUMIFS(Faturalar!$G$8:$G$407,Faturalar!$A$8:$A$407,A12,Faturalar!$I$8:$I$407,"1-30")) | F12: =IF(A12="","",SUMIFS(Faturalar!$G$8:$G$407,Faturalar!$A$8:$A$407,A12,Faturalar!$I$8:$I$407,"31-60")) | G12: =IF(A12="","",SUMIFS(Faturalar!$G$8:$G$407,Faturalar!$A$8:$A$407,A12,Faturalar!$I$8:$I$407,"61-90")) | H12: =IF(A12="","",SUMIFS(Faturalar!$G$8:$G$407,Faturalar!$A$8:$A$407,A12,Faturalar!$I$8:$I$407,"90+")) | I12: =IF(OR(A12="",B12="",B12=0),"",C12/B12) | J12: =IF(I12="","",IF(I12>1,"LİMİT AŞILDI",IF(I12>0.8,"Limite yakın","")))
A13: Beyşehir Gıda A.Ş. | B13: 900000 | C13: =IF(A13="","",SUMIFS(Faturalar!$G$8:$G$407,Faturalar!$A$8:$A$407,A13,Faturalar!$G$8:$G$407,">0")) | D13: =IF(A13="","",SUMIFS(Faturalar!$G$8:$G$407,Faturalar!$A$8:$A$407,A13,Faturalar!$I$8:$I$407,"Vadesi gelmedi")) | E13: =IF(A13="","",SUMIFS(Faturalar!$G$8:$G$407,Faturalar!$A$8:$A$407,A13,Faturalar!$I$8:$I$407,"1-30")) | F13: =IF(A13="","",SUMIFS(Faturalar!$G$8:$G$407,Faturalar!$A$8:$A$407,A13,Faturalar!$I$8:$I$407,"31-60")) | G13: =IF(A13="","",SUMIFS(Faturalar!$G$8:$G$407,Faturalar!$A$8:$A$407,A13,Faturalar!$I$8:$I$407,"61-90")) | H13: =IF(A13="","",SUMIFS(Faturalar!$G$8:$G$407,Faturalar!$A$8:$A$407,A13,Faturalar!$I$8:$I$407,"90+")) | I13: =IF(OR(A13="",B13="",B13=0),"",C13/B13) | J13: =IF(I13="","",IF(I13>1,"LİMİT AŞILDI",IF(I13>0.8,"Limite yakın","")))
A14: Çumra Tarım Koop. | B14: 400000 | C14: =IF(A14="","",SUMIFS(Faturalar!$G$8:$G$407,Faturalar!$A$8:$A$407,A14,Faturalar!$G$8:$G$407,">0")) | D14: =IF(A14="","",SUMIFS(Faturalar!$G$8:$G$407,Faturalar!$A$8:$A$407,A14,Faturalar!$I$8:$I$407,"Vadesi gelmedi")) | E14: =IF(A14="","",SUMIFS(Faturalar!$G$8:$G$407,Faturalar!$A$8:$A$407,A14,Faturalar!$I$8:$I$407,"1-30")) | F14: =IF(A14="","",SUMIFS(Faturalar!$G$8:$G$407,Faturalar!$A$8:$A$407,A14,Faturalar!$I$8:$I$407,"31-60")) | G14: =IF(A14="","",SUMIFS(Faturalar!$G$8:$G$407,Faturalar!$A$8:$A$407,A14,Faturalar!$I$8:$I$407,"61-90")) | H14: =IF(A14="","",SUMIFS(Faturalar!$G$8:$G$407,Faturalar!$A$8:$A$407,A14,Faturalar!$I$8:$I$407,"90+")) | I14: =IF(OR(A14="",B14="",B14=0),"",C14/B14) | J14: =IF(I14="","",IF(I14>1,"LİMİT AŞILDI",IF(I14>0.8,"Limite yakın","")))
A15: Derya Mobilya | B15: 350000 | C15: =IF(A15="","",SUMIFS(Faturalar!$G$8:$G$407,Faturalar!$A$8:$A$407,A15,Faturalar!$G$8:$G$407,">0")) | D15: =IF(A15="","",SUMIFS(Faturalar!$G$8:$G$407,Faturalar!$A$8:$A$407,A15,Faturalar!$I$8:$I$407,"Vadesi gelmedi")) | E15: =IF(A15="","",SUMIFS(Faturalar!$G$8:$G$407,Faturalar!$A$8:$A$407,A15,Faturalar!$I$8:$I$407,"1-30")) | F15: =IF(A15="","",SUMIFS(Faturalar!$G$8:$G$407,Faturalar!$A$8:$A$407,A15,Faturalar!$I$8:$I$407,"31-60")) | G15: =IF(A15="","",SUMIFS(Faturalar!$G$8:$G$407,Faturalar!$A$8:$A$407,A15,Faturalar!$I$8:$I$407,"61-90")) | H15: =IF(A15="","",SUMIFS(Faturalar!$G$8:$G$407,Faturalar!$A$8:$A$407,A15,Faturalar!$I$8:$I$407,"90+")) | I15: =IF(OR(A15="",B15="",B15=0),"",C15/B15) | J15: =IF(I15="","",IF(I15>1,"LİMİT AŞILDI",IF(I15>0.8,"Limite yakın","")))
A16: Ereğli Metal San. | B16: 1200000 | C16: =IF(A16="","",SUMIFS(Faturalar!$G$8:$G$407,Faturalar!$A$8:$A$407,A16,Faturalar!$G$8:$G$407,">0")) | D16: =IF(A16="","",SUMIFS(Faturalar!$G$8:$G$407,Faturalar!$A$8:$A$407,A16,Faturalar!$I$8:$I$407,"Vadesi gelmedi")) | E16: =IF(A16="","",SUMIFS(Faturalar!$G$8:$G$407,Faturalar!$A$8:$A$407,A16,Faturalar!$I$8:$I$407,"1-30")) | F16: =IF(A16="","",SUMIFS(Faturalar!$G$8:$G$407,Faturalar!$A$8:$A$407,A16,Faturalar!$I$8:$I$407,"31-60")) | G16: =IF(A16="","",SUMIFS(Faturalar!$G$8:$G$407,Faturalar!$A$8:$A$407,A16,Faturalar!$I$8:$I$407,"61-90")) | H16: =IF(A16="","",SUMIFS(Faturalar!$G$8:$G$407,Faturalar!$A$8:$A$407,A16,Faturalar!$I$8:$I$407,"90+")) | I16: =IF(OR(A16="",B16="",B16=0),"",C16/B16) | J16: =IF(I16="","",IF(I16>1,"LİMİT AŞILDI",IF(I16>0.8,"Limite yakın","")))
A17: Fevzi Usta İnşaat | B17: 500000 | C17: =IF(A17="","",SUMIFS(Faturalar!$G$8:$G$407,Faturalar!$A$8:$A$407,A17,Faturalar!$G$8:$G$407,">0")) | D17: =IF(A17="","",SUMIFS(Faturalar!$G$8:$G$407,Faturalar!$A$8:$A$407,A17,Faturalar!$I$8:$I$407,"Vadesi gelmedi")) | E17: =IF(A17="","",SUMIFS(Faturalar!$G$8:$G$407,Faturalar!$A$8:$A$407,A17,Faturalar!$I$8:$I$407,"1-30")) | F17: =IF(A17="","",SUMIFS(Faturalar!$G$8:$G$407,Faturalar!$A$8:$A$407,A17,Faturalar!$I$8:$I$407,"31-60")) | G17: =IF(A17="","",SUMIFS(Faturalar!$G$8:$G$407,Faturalar!$A$8:$A$407,A17,Faturalar!$I$8:$I$407,"61-90")) | H17: =IF(A17="","",SUMIFS(Faturalar!$G$8:$G$407,Faturalar!$A$8:$A$407,A17,Faturalar!$I$8:$I$407,"90+")) | I17: =IF(OR(A17="",B17="",B17=0),"",C17/B17) | J17: =IF(I17="","",IF(I17>1,"LİMİT AŞILDI",IF(I17>0.8,"Limite yakın","")))
A18: Gölbaşı Plastik | B18: 450000 | C18: =IF(A18="","",SUMIFS(Faturalar!$G$8:$G$407,Faturalar!$A$8:$A$407,A18,Faturalar!$G$8:$G$407,">0")) | D18: =IF(A18="","",SUMIFS(Faturalar!$G$8:$G$407,Faturalar!$A$8:$A$407,A18,Faturalar!$I$8:$I$407,"Vadesi gelmedi")) | E18: =IF(A18="","",SUMIFS(Faturalar!$G$8:$G$407,Faturalar!$A$8:$A$407,A18,Faturalar!$I$8:$I$407,"1-30")) | F18: =IF(A18="","",SUMIFS(Faturalar!$G$8:$G$407,Faturalar!$A$8:$A$407,A18,Faturalar!$I$8:$I$407,"31-60")) | G18: =IF(A18="","",SUMIFS(Faturalar!$G$8:$G$407,Faturalar!$A$8:$A$407,A18,Faturalar!$I$8:$I$407,"61-90")) | H18: =IF(A18="","",SUMIFS(Faturalar!$G$8:$G$407,Faturalar!$A$8:$A$407,A18,Faturalar!$I$8:$I$407,"90+")) | I18: =IF(OR(A18="",B18="",B18=0),"",C18/B18) | J18: =IF(I18="","",IF(I18>1,"LİMİT AŞILDI",IF(I18>0.8,"Limite yakın","")))
C19: =IF(A19="","",SUMIFS(Faturalar!$G$8:$G$407,Faturalar!$A$8:$A$407,A19,Faturalar!$G$8:$G$407,">0")) | D19: =IF(A19="","",SUMIFS(Faturalar!$G$8:$G$407,Faturalar!$A$8:$A$407,A19,Faturalar!$I$8:$I$407,"Vadesi gelmedi")) | E19: =IF(A19="","",SUMIFS(Faturalar!$G$8:$G$407,Faturalar!$A$8:$A$407,A19,Faturalar!$I$8:$I$407,"1-30")) | F19: =IF(A19="","",SUMIFS(Faturalar!$G$8:$G$407,Faturalar!$A$8:$A$407,A19,Faturalar!$I$8:$I$407,"31-60")) | G19: =IF(A19="","",SUMIFS(Faturalar!$G$8:$G$407,Faturalar!$A$8:$A$407,A19,Faturalar!$I$8:$I$407,"61-90")) | H19: =IF(A19="","",SUMIFS(Faturalar!$G$8:$G$407,Faturalar!$A$8:$A$407,A19,Faturalar!$I$8:$I$407,"90+")) | I19: =IF(OR(A19="",B19="",B19=0),"",C19/B19) | J19: =IF(I19="","",IF(I19>1,"LİMİT AŞILDI",IF(I19>0.8,"Limite yakın","")))
C20: =IF(A20="","",SUMIFS(Faturalar!$G$8:$G$407,Faturalar!$A$8:$A$407,A20,Faturalar!$G$8:$G$407,">0")) | D20: =IF(A20="","",SUMIFS(Faturalar!$G$8:$G$407,Faturalar!$A$8:$A$407,A20,Faturalar!$I$8:$I$407,"Vadesi gelmedi")) | E20: =IF(A20="","",SUMIFS(Faturalar!$G$8:$G$407,Faturalar!$A$8:$A$407,A20,Faturalar!$I$8:$I$407,"1-30")) | F20: =IF(A20="","",SUMIFS(Faturalar!$G$8:$G$407,Faturalar!$A$8:$A$407,A20,Faturalar!$I$8:$I$407,"31-60")) | G20: =IF(A20="","",SUMIFS(Faturalar!$G$8:$G$407,Faturalar!$A$8:$A$407,A20,Faturalar!$I$8:$I$407,"61-90")) | H20: =IF(A20="","",SUMIFS(Faturalar!$G$8:$G$407,Faturalar!$A$8:$A$407,A20,Faturalar!$I$8:$I$407,"90+")) | I20: =IF(OR(A20="",B20="",B20=0),"",C20/B20) | J20: =IF(I20="","",IF(I20>1,"LİMİT AŞILDI",IF(I20>0.8,"Limite yakın","")))
C21: =IF(A21="","",SUMIFS(Faturalar!$G$8:$G$407,Faturalar!$A$8:$A$407,A21,Faturalar!$G$8:$G$407,">0")) | D21: =IF(A21="","",SUMIFS(Faturalar!$G$8:$G$407,Faturalar!$A$8:$A$407,A21,Faturalar!$I$8:$I$407,"Vadesi gelmedi")) | E21: =IF(A21="","",SUMIFS(Faturalar!$G$8:$G$407,Faturalar!$A$8:$A$407,A21,Faturalar!$I$8:$I$407,"1-30")) | F21: =IF(A21="","",SUMIFS(Faturalar!$G$8:$G$407,Faturalar!$A$8:$A$407,A21,Faturalar!$I$8:$I$407,"31-60")) | G21: =IF(A21="","",SUMIFS(Faturalar!$G$8:$G$407,Faturalar!$A$8:$A$407,A21,Faturalar!$I$8:$I$407,"61-90")) | H21: =IF(A21="","",SUMIFS(Faturalar!$G$8:$G$407,Faturalar!$A$8:$A$407,A21,Faturalar!$I$8:$I$407,"90+")) | I21: =IF(OR(A21="",B21="",B21=0),"",C21/B21) | J21: =IF(I21="","",IF(I21>1,"LİMİT AŞILDI",IF(I21>0.8,"Limite yakın","")))
C22: =IF(A22="","",SUMIFS(Faturalar!$G$8:$G$407,Faturalar!$A$8:$A$407,A22,Faturalar!$G$8:$G$407,">0")) | D22: =IF(A22="","",SUMIFS(Faturalar!$G$8:$G$407,Faturalar!$A$8:$A$407,A22,Faturalar!$I$8:$I$407,"Vadesi gelmedi")) | E22: =IF(A22="","",SUMIFS(Faturalar!$G$8:$G$407,Faturalar!$A$8:$A$407,A22,Faturalar!$I$8:$I$407,"1-30")) | F22: =IF(A22="","",SUMIFS(Faturalar!$G$8:$G$407,Faturalar!$A$8:$A$407,A22,Faturalar!$I$8:$I$407,"31-60")) | G22: =IF(A22="","",SUMIFS(Faturalar!$G$8:$G$407,Faturalar!$A$8:$A$407,A22,Faturalar!$I$8:$I$407,"61-90")) | H22: =IF(A22="","",SUMIFS(Faturalar!$G$8:$G$407,Faturalar!$A$8:$A$407,A22,Faturalar!$I$8:$I$407,"90+")) | I22: =IF(OR(A22="",B22="",B22=0),"",C22/B22) | J22: =IF(I22="","",IF(I22>1,"LİMİT AŞILDI",IF(I22>0.8,"Limite yakın","")))
C23: =IF(A23="","",SUMIFS(Faturalar!$G$8:$G$407,Faturalar!$A$8:$A$407,A23,Faturalar!$G$8:$G$407,">0")) | D23: =IF(A23="","",SUMIFS(Faturalar!$G$8:$G$407,Faturalar!$A$8:$A$407,A23,Faturalar!$I$8:$I$407,"Vadesi gelmedi")) | E23: =IF(A23="","",SUMIFS(Faturalar!$G$8:$G$407,Faturalar!$A$8:$A$407,A23,Faturalar!$I$8:$I$407,"1-30")) | F23: =IF(A23="","",SUMIFS(Faturalar!$G$8:$G$407,Faturalar!$A$8:$A$407,A23,Faturalar!$I$8:$I$407,"31-60")) | G23: =IF(A23="","",SUMIFS(Faturalar!$G$8:$G$407,Faturalar!$A$8:$A$407,A23,Faturalar!$I$8:$I$407,"61-90")) | H23: =IF(A23="","",SUMIFS(Faturalar!$G$8:$G$407,Faturalar!$A$8:$A$407,A23,Faturalar!$I$8:$I$407,"90+")) | I23: =IF(OR(A23="",B23="",B23=0),"",C23/B23) | J23: =IF(I23="","",IF(I23>1,"LİMİT AŞILDI",IF(I23>0.8,"Limite yakın","")))
C24: =IF(A24="","",SUMIFS(Faturalar!$G$8:$G$407,Faturalar!$A$8:$A$407,A24,Faturalar!$G$8:$G$407,">0")) | D24: =IF(A24="","",SUMIFS(Faturalar!$G$8:$G$407,Faturalar!$A$8:$A$407,A24,Faturalar!$I$8:$I$407,"Vadesi gelmedi")) | E24: =IF(A24="","",SUMIFS(Faturalar!$G$8:$G$407,Faturalar!$A$8:$A$407,A24,Faturalar!$I$8:$I$407,"1-30")) | F24: =IF(A24="","",SUMIFS(Faturalar!$G$8:$G$407,Faturalar!$A$8:$A$407,A24,Faturalar!$I$8:$I$407,"31-60")) | G24: =IF(A24="","",SUMIFS(Faturalar!$G$8:$G$407,Faturalar!$A$8:$A$407,A24,Faturalar!$I$8:$I$407,"61-90")) | H24: =IF(A24="","",SUMIFS(Faturalar!$G$8:$G$407,Faturalar!$A$8:$A$407,A24,Faturalar!$I$8:$I$407,"90+")) | I24: =IF(OR(A24="",B24="",B24=0),"",C24/B24) | J24: =IF(I24="","",IF(I24>1,"LİMİT AŞILDI",IF(I24>0.8,"Limite yakın","")))
C25: =IF(A25="","",SUMIFS(Faturalar!$G$8:$G$407,Faturalar!$A$8:$A$407,A25,Faturalar!$G$8:$G$407,">0")) | D25: =IF(A25="","",SUMIFS(Faturalar!$G$8:$G$407,Faturalar!$A$8:$A$407,A25,Faturalar!$I$8:$I$407,"Vadesi gelmedi")) | E25: =IF(A25="","",SUMIFS(Faturalar!$G$8:$G$407,Faturalar!$A$8:$A$407,A25,Faturalar!$I$8:$I$407,"1-30")) | F25: =IF(A25="","",SUMIFS(Faturalar!$G$8:$G$407,Faturalar!$A$8:$A$407,A25,Faturalar!$I$8:$I$407,"31-60")) | G25: =IF(A25="","",SUMIFS(Faturalar!$G$8:$G$407,Faturalar!$A$8:$A$407,A25,Faturalar!$I$8:$I$407,"61-90")) | H25: =IF(A25="","",SUMIFS(Faturalar!$G$8:$G$407,Faturalar!$A$8:$A$407,A25,Faturalar!$I$8:$I$407,"90+")) | I25: =IF(OR(A25="",B25="",B25=0),"",C25/B25) | J25: =IF(I25="","",IF(I25>1,"LİMİT AŞILDI",IF(I25>0.8,"Limite yakın","")))
C26: =IF(A26="","",SUMIFS(Faturalar!$G$8:$G$407,Faturalar!$A$8:$A$407,A26,Faturalar!$G$8:$G$407,">0")) | D26: =IF(A26="","",SUMIFS(Faturalar!$G$8:$G$407,Faturalar!$A$8:$A$407,A26,Faturalar!$I$8:$I$407,"Vadesi gelmedi")) | E26: =IF(A26="","",SUMIFS(Faturalar!$G$8:$G$407,Faturalar!$A$8:$A$407,A26,Faturalar!$I$8:$I$407,"1-30")) | F26: =IF(A26="","",SUMIFS(Faturalar!$G$8:$G$407,Faturalar!$A$8:$A$407,A26,Faturalar!$I$8:$I$407,"31-60")) | G26: =IF(A26="","",SUMIFS(Faturalar!$G$8:$G$407,Faturalar!$A$8:$A$407,A26,Faturalar!$I$8:$I$407,"61-90")) | H26: =IF(A26="","",SUMIFS(Faturalar!$G$8:$G$407,Faturalar!$A$8:$A$407,A26,Faturalar!$I$8:$I$407,"90+")) | I26: =IF(OR(A26="",B26="",B26=0),"",C26/B26) | J26: =IF(I26="","",IF(I26>1,"LİMİT AŞILDI",IF(I26>0.8,"Limite yakın","")))
C27: =IF(A27="","",SUMIFS(Faturalar!$G$8:$G$407,Faturalar!$A$8:$A$407,A27,Faturalar!$G$8:$G$407,">0")) | D27: =IF(A27="","",SUMIFS(Faturalar!$G$8:$G$407,Faturalar!$A$8:$A$407,A27,Faturalar!$I$8:$I$407,"Vadesi gelmedi")) | E27: =IF(A27="","",SUMIFS(Faturalar!$G$8:$G$407,Faturalar!$A$8:$A$407,A27,Faturalar!$I$8:$I$407,"1-30")) | F27: =IF(A27="","",SUMIFS(Faturalar!$G$8:$G$407,Faturalar!$A$8:$A$407,A27,Faturalar!$I$8:$I$407,"31-60")) | G27: =IF(A27="","",SUMIFS(Faturalar!$G$8:$G$407,Faturalar!$A$8:$A$407,A27,Faturalar!$I$8:$I$407,"61-90")) | H27: =IF(A27="","",SUMIFS(Faturalar!$G$8:$G$407,Faturalar!$A$8:$A$407,A27,Faturalar!$I$8:$I$407,"90+")) | I27: =IF(OR(A27="",B27="",B27=0),"",C27/B27) | J27: =IF(I27="","",IF(I27>1,"LİMİT AŞILDI",IF(I27>0.8,"Limite yakın","")))
C28: =IF(A28="","",SUMIFS(Faturalar!$G$8:$G$407,Faturalar!$A$8:$A$407,A28,Faturalar!$G$8:$G$407,">0")) | D28: =IF(A28="","",SUMIFS(Faturalar!$G$8:$G$407,Faturalar!$A$8:$A$407,A28,Faturalar!$I$8:$I$407,"Vadesi gelmedi")) | E28: =IF(A28="","",SUMIFS(Faturalar!$G$8:$G$407,Faturalar!$A$8:$A$407,A28,Faturalar!$I$8:$I$407,"1-30")) | F28: =IF(A28="","",SUMIFS(Faturalar!$G$8:$G$407,Faturalar!$A$8:$A$407,A28,Faturalar!$I$8:$I$407,"31-60")) | G28: =IF(A28="","",SUMIFS(Faturalar!$G$8:$G$407,Faturalar!$A$8:$A$407,A28,Faturalar!$I$8:$I$407,"61-90")) | H28: =IF(A28="","",SUMIFS(Faturalar!$G$8:$G$407,Faturalar!$A$8:$A$407,A28,Faturalar!$I$8:$I$407,"90+")) | I28: =IF(OR(A28="",B28="",B28=0),"",C28/B28) | J28: =IF(I28="","",IF(I28>1,"LİMİT AŞILDI",IF(I28>0.8,"Limite yakın","")))
C29: =IF(A29="","",SUMIFS(Faturalar!$G$8:$G$407,Faturalar!$A$8:$A$407,A29,Faturalar!$G$8:$G$407,">0")) | D29: =IF(A29="","",SUMIFS(Faturalar!$G$8:$G$407,Faturalar!$A$8:$A$407,A29,Faturalar!$I$8:$I$407,"Vadesi gelmedi")) | E29: =IF(A29="","",SUMIFS(Faturalar!$G$8:$G$407,Faturalar!$A$8:$A$407,A29,Faturalar!$I$8:$I$407,"1-30")) | F29: =IF(A29="","",SUMIFS(Faturalar!$G$8:$G$407,Faturalar!$A$8:$A$407,A29,Faturalar!$I$8:$I$407,"31-60")) | G29: =IF(A29="","",SUMIFS(Faturalar!$G$8:$G$407,Faturalar!$A$8:$A$407,A29,Faturalar!$I$8:$I$407,"61-90")) | H29: =IF(A29="","",SUMIFS(Faturalar!$G$8:$G$407,Faturalar!$A$8:$A$407,A29,Faturalar!$I$8:$I$407,"90+")) | I29: =IF(OR(A29="",B29="",B29=0),"",C29/B29) | J29: =IF(I29="","",IF(I29>1,"LİMİT AŞILDI",IF(I29>0.8,"Limite yakın","")))
C30: =IF(A30="","",SUMIFS(Faturalar!$G$8:$G$407,Faturalar!$A$8:$A$407,A30,Faturalar!$G$8:$G$407,">0")) | D30: =IF(A30="","",SUMIFS(Faturalar!$G$8:$G$407,Faturalar!$A$8:$A$407,A30,Faturalar!$I$8:$I$407,"Vadesi gelmedi")) | E30: =IF(A30="","",SUMIFS(Faturalar!$G$8:$G$407,Faturalar!$A$8:$A$407,A30,Faturalar!$I$8:$I$407,"1-30")) | F30: =IF(A30="","",SUMIFS(Faturalar!$G$8:$G$407,Faturalar!$A$8:$A$407,A30,Faturalar!$I$8:$I$407,"31-60")) | G30: =IF(A30="","",SUMIFS(Faturalar!$G$8:$G$407,Faturalar!$A$8:$A$407,A30,Faturalar!$I$8:$I$407,"61-90")) | H30: =IF(A30="","",SUMIFS(Faturalar!$G$8:$G$407,Faturalar!$A$8:$A$407,A30,Faturalar!$I$8:$I$407,"90+")) | I30: =IF(OR(A30="",B30="",B30=0),"",C30/B30) | J30: =IF(I30="","",IF(I30>1,"LİMİT AŞILDI",IF(I30>0.8,"Limite yakın","")))
... C111: =IF(A111="","",SUMIFS(Faturalar!$G$8:$G$407,Faturalar!$A$8:$A$407,A111,Faturalar!$G$8:$G$407,">0")) | D111: =IF(A111="","",SUMIFS(Faturalar!$G$8:$G$407,Faturalar!$A$8:$A$407,A111,Faturalar!$I$8:$I$407,"Vadesi gelmedi")) | E111: =IF(A111="","",SUMIFS(Faturalar!$G$8:$G$407,Faturalar!$A$8:$A$407,A111,Faturalar!$I$8:$I$407,"1-30")) | F111: =IF(A111="","",SUMIFS(Faturalar!$G$8:$G$407,Faturalar!$A$8:$A$407,A111,Faturalar!$I$8:$I$407,"31-60")) | G111: =IF(A111="","",SUMIFS(Faturalar!$G$8:$G$407,Faturalar!$A$8:$A$407,A111,Faturalar!$I$8:$I$407,"61-90")) | H111: =IF(A111="","",SUMIFS(Faturalar!$G$8:$G$407,Faturalar!$A$8:$A$407,A111,Faturalar!$I$8:$I$407,"90+")) | I111: =IF(OR(A111="",B111="",B111=0),"",C111/B111) | J111: =IF(I111="","",IF(I111>1,"LİMİT AŞILDI",IF(I111>0.8,"Limite yakın","")))

Sheet Faturalar
A1: NİRENGİ DANIŞMANLIK | L1: emreceran.github.io/nirengi-danismanlik
A2: Alacak Yaşlandırma ve Tahsilat Takibi
A3: Açık faturalarınızı girin; gecikme günleri, yaş grupları ve müşteri limitleri otomatik hesaplanır.
A5: Rapor tarihi | B5: 46326 | C5: ← Yaşlandırma bu tarihe göre yapılır. Her güncellemede değiştirin.
A7: Müşteri | B7: Fatura no | C7: Fatura tarihi | D7: Vade tarihi | E7: Fatura tutarı | F7: Tahsil edilen | G7: Kalan | H7: Gecikme (gün) | I7: Yaş grubu | J7: Sorumlu | K7: Söz verilen tarih | L7: Not
A8: Akyol Yapı Ltd. | B8: FT20261021 | C8: 46196 | D8: 46241 | E8: 190000 | F8: 0 | G8: =IF(E8="","",E8-F8) | H8: =IF(OR(G8="",G8<=0),"",MAX(0,$B$5-D8)) | I8: =IF(G8="","",IF(G8<=0,"Kapandı",IF(H8=0,"Vadesi gelmedi",IF(H8<=30,"1-30",IF(H8<=60,"31-60",IF(H8<=90,"61-90","90+"))))))
A9: Akyol Yapı Ltd. | B9: FT20261014 | C9: 46231 | D9: 46291 | E9: 446000 | F9: 0 | G9: =IF(E9="","",E9-F9) | H9: =IF(OR(G9="",G9<=0),"",MAX(0,$B$5-D9)) | I9: =IF(G9="","",IF(G9<=0,"Kapandı",IF(H9=0,"Vadesi gelmedi",IF(H9<=30,"1-30",IF(H9<=60,"31-60",IF(H9<=90,"61-90","90+"))))))
A10: Akyol Yapı Ltd. | B10: FT20261000 | C10: 46264 | D10: 46294 | E10: 214000 | F10: 0 | G10: =IF(E10="","",E10-F10) | H10: =IF(OR(G10="",G10<=0),"",MAX(0,$B$5-D10)) | I10: =IF(G10="","",IF(G10<=0,"Kapandı",IF(H10=0,"Vadesi gelmedi",IF(H10<=30,"1-30",IF(H10<=60,"31-60",IF(H10<=90,"61-90","90+"))))))
A11: Akyol Yapı Ltd. | B11: FT20261007 | C11: 46291 | D11: 46321 | E11: 285000 | F11: 0 | G11: =IF(E11="","",E11-F11) | H11: =IF(OR(G11="",G11<=0),"",MAX(0,$B$5-D11)) | I11: =IF(G11="","",IF(G11<=0,"Kapandı",IF(H11=0,"Vadesi gelmedi",IF(H11<=30,"1-30",IF(H11<=60,"31-60",IF(H11<=90,"61-90","90+"))))))
A12: Beyşehir Gıda A.Ş. | B12: FT20261022 | C12: 46196 | D12: 46241 | E12: 295000 | F12: 295000 | G12: =IF(E12="","",E12-F12) | H12: =IF(OR(G12="",G12<=0),"",MAX(0,$B$5-D12)) | I12: =IF(G12="","",IF(G12<=0,"Kapandı",IF(H12=0,"Vadesi gelmedi",IF(H12<=30,"1-30",IF(H12<=60,"31-60",IF(H12<=90,"61-90","90+"))))))
A13: Beyşehir Gıda A.Ş. | B13: FT20261008 | C13: 46278 | D13: 46323 | E13: 103000 | F13: 0 | G13: =IF(E13="","",E13-F13) | H13: =IF(OR(G13="",G13<=0),"",MAX(0,$B$5-D13)) | I13: =IF(G13="","",IF(G13<=0,"Kapandı",IF(H13=0,"Vadesi gelmedi",IF(H13<=30,"1-30",IF(H13<=60,"31-60",IF(H13<=90,"61-90","90+"))))))
A14: Beyşehir Gıda A.Ş. | B14: FT20261015 | C14: 46278 | D14: 46308 | E14: 390000 | F14: 0 | G14: =IF(E14="","",E14-F14) | H14: =IF(OR(G14="",G14<=0),"",MAX(0,$B$5-D14)) | I14: =IF(G14="","",IF(G14<=0,"Kapandı",IF(H14=0,"Vadesi gelmedi",IF(H14<=30,"1-30",IF(H14<=60,"31-60",IF(H14<=90,"61-90","90+"))))))
A15: Beyşehir Gıda A.Ş. | B15: FT20261001 | C15: 46314 | D15: 46374 | E15: 81000 | F15: 40500 | G15: =IF(E15="","",E15-F15) | H15: =IF(OR(G15="",G15<=0),"",MAX(0,$B$5-D15)) | I15: =IF(G15="","",IF(G15<=0,"Kapandı",IF(H15=0,"Vadesi gelmedi",IF(H15<=30,"1-30",IF(H15<=60,"31-60",IF(H15<=90,"61-90","90+"))))))
A16: Derya Mobilya | B16: FT20261024 | C16: 46176 | D16: 46206 | E16: 67000 | F16: 0 | G16: =IF(E16="","",E16-F16) | H16: =IF(OR(G16="",G16<=0),"",MAX(0,$B$5-D16)) | I16: =IF(G16="","",IF(G16<=0,"Kapandı",IF(H16=0,"Vadesi gelmedi",IF(H16<=30,"1-30",IF(H16<=60,"31-60",IF(H16<=90,"61-90","90+"))))))
A17: Derya Mobilya | B17: FT20261003 | C17: 46251 | D17: 46296 | E17: 71000 | F17: 0 | G17: =IF(E17="","",E17-F17) | H17: =IF(OR(G17="",G17<=0),"",MAX(0,$B$5-D17)) | I17: =IF(G17="","",IF(G17<=0,"Kapandı",IF(H17=0,"Vadesi gelmedi",IF(H17<=30,"1-30",IF(H17<=60,"31-60",IF(H17<=90,"61-90","90+"))))))
A18: Derya Mobilya | B18: FT20261017 | C18: 46264 | D18: 46324 | E18: 237000 | F18: 118500 | G18: =IF(E18="","",E18-F18) | H18: =IF(OR(G18="",G18<=0),"",MAX(0,$B$5-D18)) | I18: =IF(G18="","",IF(G18<=0,"Kapandı",IF(H18=0,"Vadesi gelmedi",IF(H18<=30,"1-30",IF(H18<=60,"31-60",IF(H18<=90,"61-90","90+"))))))
A19: Derya Mobilya | B19: FT20261010 | C19: 46314 | D19: 46374 | E19: 291000 | F19: 0 | G19: =IF(E19="","",E19-F19) | H19: =IF(OR(G19="",G19<=0),"",MAX(0,$B$5-D19)) | I19: =IF(G19="","",IF(G19<=0,"Kapandı",IF(H19=0,"Vadesi gelmedi",IF(H19<=30,"1-30",IF(H19<=60,"31-60",IF(H19<=90,"61-90","90+"))))))
... A35: Çumra Tarım Koop. | B35: FT20261002 | C35: 46321 | D35: 46381 | E35: 134000 | F35: 0 | G35: =IF(E35="","",E35-F35) | H35: =IF(OR(G35="",G35<=0),"",MAX(0,$B$5-D35)) | I35: =IF(G35="","",IF(G35<=0,"Kapandı",IF(H35=0,"Vadesi gelmedi",IF(H35<=30,"1-30",IF(H35<=60,"31-60",IF(H35<=90,"61-90","90+"))))))
G36: =IF(E36="","",E36-F36) | H36: =IF(OR(G36="",G36<=0),"",MAX(0,$B$5-D36)) | I36: =IF(G36="","",IF(G36<=0,"Kapandı",IF(H36=0,"Vadesi gelmedi",IF(H36<=30,"1-30",IF(H36<=60,"31-60",IF(H36<=90,"61-90","90+"))))))
G37: =IF(E37="","",E37-F37) | H37: =IF(OR(G37="",G37<=0),"",MAX(0,$B$5-D37)) | I37: =IF(G37="","",IF(G37<=0,"Kapandı",IF(H37=0,"Vadesi gelmedi",IF(H37<=30,"1-30",IF(H37<=60,"31-60",IF(H37<=90,"61-90","90+"))))))
G38: =IF(E38="","",E38-F38) | H38: =IF(OR(G38="",G38<=0),"",MAX(0,$B$5-D38)) | I38: =IF(G38="","",IF(G38<=0,"Kapandı",IF(H38=0,"Vadesi gelmedi",IF(H38<=30,"1-30",IF(H38<=60,"31-60",IF(H38<=90,"61-90","90+"))))))
G39: =IF(E39="","",E39-F39) | H39: =IF(OR(G39="",G39<=0),"",MAX(0,$B$5-D39)) | I39: =IF(G39="","",IF(G39<=0,"Kapandı",IF(H39=0,"Vadesi gelmedi",IF(H39<=30,"1-30",IF(H39<=60,"31-60",IF(H39<=90,"61-90","90+"))))))
G40: =IF(E40="","",E40-F40) | H40: =IF(OR(G40="",G40<=0),"",MAX(0,$B$5-D40)) | I40: =IF(G40="","",IF(G40<=0,"Kapandı",IF(H40=0,"Vadesi gelmedi",IF(H40<=30,"1-30",IF(H40<=60,"31-60",IF(H40<=90,"61-90","90+"))))))
G41: =IF(E41="","",E41-F41) | H41: =IF(OR(G41="",G41<=0),"",MAX(0,$B$5-D41)) | I41: =IF(G41="","",IF(G41<=0,"Kapandı",IF(H41=0,"Vadesi gelmedi",IF(H41<=30,"1-30",IF(H41<=60,"31-60",IF(H41<=90,"61-90","90+"))))))
G42: =IF(E42="","",E42-F42) | H42: =IF(OR(G42="",G42<=0),"",MAX(0,$B$5-D42)) | I42: =IF(G42="","",IF(G42<=0,"Kapandı",IF(H42=0,"Vadesi gelmedi",IF(H42<=30,"1-30",IF(H42<=60,"31-60",IF(H42<=90,"61-90","90+"))))))
G43: =IF(E43="","",E43-F43) | H43: =IF(OR(G43="",G43<=0),"",MAX(0,$B$5-D43)) | I43: =IF(G43="","",IF(G43<=0,"Kapandı",IF(H43=0,"Vadesi gelmedi",IF(H43<=30,"1-30",IF(H43<=60,"31-60",IF(H43<=90,"61-90","90+"))))))
G44: =IF(E44="","",E44-F44) | H44: =IF(OR(G44="",G44<=0),"",MAX(0,$B$5-D44)) | I44: =IF(G44="","",IF(G44<=0,"Kapandı",IF(H44=0,"Vadesi gelmedi",IF(H44<=30,"1-30",IF(H44<=60,"31-60",IF(H44<=90,"61-90","90+"))))))
G45: =IF(E45="","",E45-F45) | H45: =IF(OR(G45="",G45<=0),"",MAX(0,$B$5-D45)) | I45: =IF(G45="","",IF(G45<=0,"Kapandı",IF(H45=0,"Vadesi gelmedi",IF(H45<=30,"1-30",IF(H45<=60,"31-60",IF(H45<=90,"61-90","90+"))))))
G46: =IF(E46="","",E46-F46) | H46: =IF(OR(G46="",G46<=0),"",MAX(0,$B$5-D46)) | I46: =IF(G46="","",IF(G46<=0,"Kapandı",IF(H46=0,"Vadesi gelmedi",IF(H46<=30,"1-30",IF(H46<=60,"31-60",IF(H46<=90,"61-90","90+"))))))
G47: =IF(E47="","",E47-F47) | H47: =IF(OR(G47="",G47<=0),"",MAX(0,$B$5-D47)) | I47: =IF(G47="","",IF(G47<=0,"Kapandı",IF(H47=0,"Vadesi gelmedi",IF(H47<=30,"1-30",IF(H47<=60,"31-60",IF(H47<=90,"61-90","90+"))))))
... G407: =IF(E407="","",E407-F407) | H407: =IF(OR(G407="",G407<=0),"",MAX(0,$B$5-D407)) | I407: =IF(G407="","",IF(G407<=0,"Kapandı",IF(H407=0,"Vadesi gelmedi",IF(H407<=30,"1-30",IF(H407<=60,"31-60",IF(H407<=90,"61-90","90+"))))))

Sheet Nasıl kullanılır
A1: NİRENGİ DANIŞMANLIK | B1: emreceran.github.io/nirengi-danismanlik
A2: Alacak Yaşlandırma ve Tahsilat Takibi
A3: Bu sayfa şablonun nasıl kullanılacağını anlatır.
A5: ■ | B5: Sarı hücreler giriş hücreleridir; kendi rakamlarınızı buraya yazın. Beyaz hücreler formüldür, değiştirmeyin.
A7: 1. | B7: Faturalar sayfasına açık (tahsil edilmemiş ya da kısmen tahsil edilmiş) faturaları girin: müşteri, fatura no, fatura tarihi, vade tarihi, tutar ve tahsil edilen kısım.
A8: 2. | B8: Rapor tarihini her güncellemede bugünün tarihiyle değiştirin; gecikme günleri ve yaş grupları buna göre hesaplanır.
A9: 3. | B9: Müşteriler sayfasına müşteri adlarını (Faturalar sayfasındakiyle birebir aynı yazılışla) ve her müşteri için risk limitini girin.
A10: 4. | B10: Müşteriler sayfasında her müşterinin açık alacağı yaşına göre dağılır; limit kullanımı %100'ü geçen müşteriler 'LİMİT AŞILDI' olarak işaretlenir.
A11: 5. | B11: Faturalar sayfasında filtreyi kullanarak sorumluya ya da yaş grubuna göre tahsilat listesi çıkarabilirsiniz. Söz verilen tarihi ve görüşme notunu yazmayı alışkanlık haline getirin.
A12: 6. | B12: Haftada bir güncelleyin ve 61-90 ile 90+ gruplarını yönetim toplantısında tek tek konuşun.
B14: Örnek veriler yalnızca şablonun nasıl çalıştığını göstermek içindir; silip kendi verinizi girebilirsiniz.
B16: Konuyla ilgili yazı
B17: https://emreceran.github.io/nirengi-danismanlik/blog/satis-buyurken-para-musteride-kalmasin.html
B19: Takıldığınız yerde ya da sonuçları birlikte yorumlamak isterseniz: ücretsiz ilk görüşme
B20: https://emreceran.github.io/nirengi-danismanlik/iletisim.html
B22: Bu şablon genel bilgilendirme amaçlıdır ve ücretsiz olarak paylaşılabilir. © Nirengi Danışmanlık
