Workbook

Sheet Alımlar
A1: NİRENGİ DANIŞMANLIK | R1: emreceran.github.io/nirengi-danismanlik
A2: Satın Alma Fiyat Takip Tablosu
A3: Alış faturası kalemlerini girin; ortalamadan sapan fiyatlar, olası fazla ödeme ve mükerrer kayıtlar işaretlenir.
A5: Sapma eşiği | C5: 0.1 | E5: İncelenecek kalem sayısı | F5: =COUNTIF(Q10:Q1009,"İNCELE")
A6: Karşılaştırma penceresi (gün) | C6: 90 | E6: Olası fazla ödeme toplamı | F6: =SUM(R10:R1009)
E7: Mükerrer şüphesi | F7: =COUNTIF(Q10:Q1009,"MÜKERRER?")
A9: Tarih | B9: Tedarikçi | C9: Fatura no | D9: Faturadaki ürün adı | E9: Miktar | F9: Birim | G9: Birim fiyat | H9: İskonto % | I9: Net birim fiyat | J9: Tutar | K9: Standart ürün | L9: Çevrim katsayısı | M9: Standart birim fiyat | N9: Önceki ortalama | O9: Dönemin en düşüğü | P9: Fark % | Q9: Uyarı | R9: Olası fazla ödeme | S9: Standart miktar
A10: 46148 | B10: Konya Demir Ltd. | C10: KD2026000412 | D10: KUTU PROF.40X40X2 | E10: 1200 | F10: KG | G10: 37.2 | H10: 0 | I10: =IF(G10="","",G10*(1-N(H10))) | J10: =IF(I10="","",E10*I10) | K10: =IF(D10="","",IFERROR(VLOOKUP(D10,'Ürün Eşleştirme'!$A$6:$D$505,2,FALSE),D10)) | L10: =IF(D10="","",IFERROR(VLOOKUP(D10,'Ürün Eşleştirme'!$A$6:$D$505,4,FALSE),1)) | M10: =IF(I10="","",I10/L10) | N10: =IF(M10="","",IFERROR(AVERAGEIFS($M$10:$M$1009,$K$10:$K$1009,K10,$A$10:$A$1009,"<"&A10,$A$10:$A$1009,">="&(A10-$C$6)),"")) | O10: =IF(M10="","",_xlfn.MINIFS($M$10:$M$1009,$K$10:$K$1009,K10,$A$10:$A$1009,"<="&A10,$A$10:$A$1009,">="&(A10-$C$6))) | P10: =IF(OR(N10="",N10=0),"",M10/N10-1) | Q10: =IF(D10="","",IF(COUNTIFS($B$10:$B$1009,B10,$C$10:$C$1009,C10,$D$10:$D$1009,D10,$E$10:$E$1009,E10)>1,"MÜKERRER?",IF(P10="","",IF(P10>=$C$5,"İNCELE",IF(P10<=-$C$5,"Düşük","")))) | R10: =IF(AND(P10<>"",N(P10)>=$C$5,COUNTIFS($B$10:B10,B10,$C$10:C10,C10,$D$10:D10,D10,$E$10:E10,E10)=1),(M10-N10)*E10*L10,0) | S10: =IF(D10="",0,N(E10)*L10)
A11: 46162 | B11: Anadolu Çelik A.Ş. | C11: AC2026001187 | D11: 40*40 kutu profil 2 mm | E11: 900 | F11: KG | G11: 37.9 | H11: 0 | I11: =IF(G11="","",G11*(1-N(H11))) | J11: =IF(I11="","",E11*I11) | K11: =IF(D11="","",IFERROR(VLOOKUP(D11,'Ürün Eşleştirme'!$A$6:$D$505,2,FALSE),D11)) | L11: =IF(D11="","",IFERROR(VLOOKUP(D11,'Ürün Eşleştirme'!$A$6:$D$505,4,FALSE),1)) | M11: =IF(I11="","",I11/L11) | N11: =IF(M11="","",IFERROR(AVERAGEIFS($M$10:$M$1009,$K$10:$K$1009,K11,$A$10:$A$1009,"<"&A11,$A$10:$A$1009,">="&(A11-$C$6)),"")) | O11: =IF(M11="","",_xlfn.MINIFS($M$10:$M$1009,$K$10:$K$1009,K11,$A$10:$A$1009,"<="&A11,$A$10:$A$1009,">="&(A11-$C$6))) | P11: =IF(OR(N11="",N11=0),"",M11/N11-1) | Q11: =IF(D11="","",IF(COUNTIFS($B$10:$B$1009,B11,$C$10:$C$1009,C11,$D$10:$D$1009,D11,$E$10:$E$1009,E11)>1,"MÜKERRER?",IF(P11="","",IF(P11>=$C$5,"İNCELE",IF(P11<=-$C$5,"Düşük","")))) | R11: =IF(AND(P11<>"",N(P11)>=$C$5,COUNTIFS($B$10:B11,B11,$C$10:C11,C11,$D$10:D11,D11,$E$10:E11,E11)=1),(M11-N11)*E11*L11,0) | S11: =IF(D11="",0,N(E11)*L11)
A12: 46183 | B12: Konya Demir Ltd. | C12: KD2026000533 | D12: KUTU PROF.40X40X2 | E12: 1500 | F12: KG | G12: 38.4 | H12: 0 | I12: =IF(G12="","",G12*(1-N(H12))) | J12: =IF(I12="","",E12*I12) | K12: =IF(D12="","",IFERROR(VLOOKUP(D12,'Ürün Eşleştirme'!$A$6:$D$505,2,FALSE),D12)) | L12: =IF(D12="","",IFERROR(VLOOKUP(D12,'Ürün Eşleştirme'!$A$6:$D$505,4,FALSE),1)) | M12: =IF(I12="","",I12/L12) | N12: =IF(M12="","",IFERROR(AVERAGEIFS($M$10:$M$1009,$K$10:$K$1009,K12,$A$10:$A$1009,"<"&A12,$A$10:$A$1009,">="&(A12-$C$6)),"")) | O12: =IF(M12="","",_xlfn.MINIFS($M$10:$M$1009,$K$10:$K$1009,K12,$A$10:$A$1009,"<="&A12,$A$10:$A$1009,">="&(A12-$C$6))) | P12: =IF(OR(N12="",N12=0),"",M12/N12-1) | Q12: =IF(D12="","",IF(COUNTIFS($B$10:$B$1009,B12,$C$10:$C$1009,C12,$D$10:$D$1009,D12,$E$10:$E$1009,E12)>1,"MÜKERRER?",IF(P12="","",IF(P12>=$C$5,"İNCELE",IF(P12<=-$C$5,"Düşük","")))) | R12: =IF(AND(P12<>"",N(P12)>=$C$5,COUNTIFS($B$10:B12,B12,$C$10:C12,C12,$D$10:D12,D12,$E$10:E12,E12)=1),(M12-N12)*E12*L12,0) | S12: =IF(D12="",0,N(E12)*L12)
A13: 46205 | B13: Konya Demir Ltd. | C13: KD2026000611 | D13: KUTU PROF.40X40X2 | E13: 1100 | F13: KG | G13: 39.1 | H13: 0 | I13: =IF(G13="","",G13*(1-N(H13))) | J13: =IF(I13="","",E13*I13) | K13: =IF(D13="","",IFERROR(VLOOKUP(D13,'Ürün Eşleştirme'!$A$6:$D$505,2,FALSE),D13)) | L13: =IF(D13="","",IFERROR(VLOOKUP(D13,'Ürün Eşleştirme'!$A$6:$D$505,4,FALSE),1)) | M13: =IF(I13="","",I13/L13) | N13: =IF(M13="","",IFERROR(AVERAGEIFS($M$10:$M$1009,$K$10:$K$1009,K13,$A$10:$A$1009,"<"&A13,$A$10:$A$1009,">="&(A13-$C$6)),"")) | O13: =IF(M13="","",_xlfn.MINIFS($M$10:$M$1009,$K$10:$K$1009,K13,$A$10:$A$1009,"<="&A13,$A$10:$A$1009,">="&(A13-$C$6))) | P13: =IF(OR(N13="",N13=0),"",M13/N13-1) | Q13: =IF(D13="","",IF(COUNTIFS($B$10:$B$1009,B13,$C$10:$C$1009,C13,$D$10:$D$1009,D13,$E$10:$E$1009,E13)>1,"MÜKERRER?",IF(P13="","",IF(P13>=$C$5,"İNCELE",IF(P13<=-$C$5,"Düşük","")))) | R13: =IF(AND(P13<>"",N(P13)>=$C$5,COUNTIFS($B$10:B13,B13,$C$10:C13,C13,$D$10:D13,D13,$E$10:E13,E13)=1),(M13-N13)*E13*L13,0) | S13: =IF(D13="",0,N(E13)*L13)
A14: 46228 | B14: Seydişehir Metal | C14: SM2026000098 | D14: Profil 40x40x2 St37 6mt | E14: 120 | F14: BOY | G14: 342 | H14: 0 | I14: =IF(G14="","",G14*(1-N(H14))) | J14: =IF(I14="","",E14*I14) | K14: =IF(D14="","",IFERROR(VLOOKUP(D14,'Ürün Eşleştirme'!$A$6:$D$505,2,FALSE),D14)) | L14: =IF(D14="","",IFERROR(VLOOKUP(D14,'Ürün Eşleştirme'!$A$6:$D$505,4,FALSE),1)) | M14: =IF(I14="","",I14/L14) | N14: =IF(M14="","",IFERROR(AVERAGEIFS($M$10:$M$1009,$K$10:$K$1009,K14,$A$10:$A$1009,"<"&A14,$A$10:$A$1009,">="&(A14-$C$6)),"")) | O14: =IF(M14="","",_xlfn.MINIFS($M$10:$M$1009,$K$10:$K$1009,K14,$A$10:$A$1009,"<="&A14,$A$10:$A$1009,">="&(A14-$C$6))) | P14: =IF(OR(N14="",N14=0),"",M14/N14-1) | Q14: =IF(D14="","",IF(COUNTIFS($B$10:$B$1009,B14,$C$10:$C$1009,C14,$D$10:$D$1009,D14,$E$10:$E$1009,E14)>1,"MÜKERRER?",IF(P14="","",IF(P14>=$C$5,"İNCELE",IF(P14<=-$C$5,"Düşük","")))) | R14: =IF(AND(P14<>"",N(P14)>=$C$5,COUNTIFS($B$10:B14,B14,$C$10:C14,C14,$D$10:D14,D14,$E$10:E14,E14)=1),(M14-N14)*E14*L14,0) | S14: =IF(D14="",0,N(E14)*L14)
A15: 46253 | B15: Konya Demir Ltd. | C15: KD2026000702 | D15: KUTU PROF.40X40X2 | E15: 1300 | F15: KG | G15: 45.9 | H15: 0 | I15: =IF(G15="","",G15*(1-N(H15))) | J15: =IF(I15="","",E15*I15) | K15: =IF(D15="","",IFERROR(VLOOKUP(D15,'Ürün Eşleştirme'!$A$6:$D$505,2,FALSE),D15)) | L15: =IF(D15="","",IFERROR(VLOOKUP(D15,'Ürün Eşleştirme'!$A$6:$D$505,4,FALSE),1)) | M15: =IF(I15="","",I15/L15) | N15: =IF(M15="","",IFERROR(AVERAGEIFS($M$10:$M$1009,$K$10:$K$1009,K15,$A$10:$A$1009,"<"&A15,$A$10:$A$1009,">="&(A15-$C$6)),"")) | O15: =IF(M15="","",_xlfn.MINIFS($M$10:$M$1009,$K$10:$K$1009,K15,$A$10:$A$1009,"<="&A15,$A$10:$A$1009,">="&(A15-$C$6))) | P15: =IF(OR(N15="",N15=0),"",M15/N15-1) | Q15: =IF(D15="","",IF(COUNTIFS($B$10:$B$1009,B15,$C$10:$C$1009,C15,$D$10:$D$1009,D15,$E$10:$E$1009,E15)>1,"MÜKERRER?",IF(P15="","",IF(P15>=$C$5,"İNCELE",IF(P15<=-$C$5,"Düşük","")))) | R15: =IF(AND(P15<>"",N(P15)>=$C$5,COUNTIFS($B$10:B15,B15,$C$10:C15,C15,$D$10:D15,D15,$E$10:E15,E15)=1),(M15-N15)*E15*L15,0) | S15: =IF(D15="",0,N(E15)*L15)
A16: 46154 | B16: Kaynak Market | C16: KM2026002210 | D16: SG2 Kaynak Teli 1.2mm 15kg | E16: 20 | F16: MAKARA | G16: 1440 | H16: 0 | I16: =IF(G16="","",G16*(1-N(H16))) | J16: =IF(I16="","",E16*I16) | K16: =IF(D16="","",IFERROR(VLOOKUP(D16,'Ürün Eşleştirme'!$A$6:$D$505,2,FALSE),D16)) | L16: =IF(D16="","",IFERROR(VLOOKUP(D16,'Ürün Eşleştirme'!$A$6:$D$505,4,FALSE),1)) | M16: =IF(I16="","",I16/L16) | N16: =IF(M16="","",IFERROR(AVERAGEIFS($M$10:$M$1009,$K$10:$K$1009,K16,$A$10:$A$1009,"<"&A16,$A$10:$A$1009,">="&(A16-$C$6)),"")) | O16: =IF(M16="","",_xlfn.MINIFS($M$10:$M$1009,$K$10:$K$1009,K16,$A$10:$A$1009,"<="&A16,$A$10:$A$1009,">="&(A16-$C$6))) | P16: =IF(OR(N16="",N16=0),"",M16/N16-1) | Q16: =IF(D16="","",IF(COUNTIFS($B$10:$B$1009,B16,$C$10:$C$1009,C16,$D$10:$D$1009,D16,$E$10:$E$1009,E16)>1,"MÜKERRER?",IF(P16="","",IF(P16>=$C$5,"İNCELE",IF(P16<=-$C$5,"Düşük","")))) | R16: =IF(AND(P16<>"",N(P16)>=$C$5,COUNTIFS($B$10:B16,B16,$C$10:C16,C16,$D$10:D16,D16,$E$10:E16,E16)=1),(M16-N16)*E16*L16,0) | S16: =IF(D16="",0,N(E16)*L16)
A17: 46191 | B17: Kaynak Market | C17: KM2026002391 | D17: SG2 Kaynak Teli 1.2mm 15kg | E17: 20 | F17: MAKARA | G17: 1455 | H17: 0 | I17: =IF(G17="","",G17*(1-N(H17))) | J17: =IF(I17="","",E17*I17) | K17: =IF(D17="","",IFERROR(VLOOKUP(D17,'Ürün Eşleştirme'!$A$6:$D$505,2,FALSE),D17)) | L17: =IF(D17="","",IFERROR(VLOOKUP(D17,'Ürün Eşleştirme'!$A$6:$D$505,4,FALSE),1)) | M17: =IF(I17="","",I17/L17) | N17: =IF(M17="","",IFERROR(AVERAGEIFS($M$10:$M$1009,$K$10:$K$1009,K17,$A$10:$A$1009,"<"&A17,$A$10:$A$1009,">="&(A17-$C$6)),"")) | O17: =IF(M17="","",_xlfn.MINIFS($M$10:$M$1009,$K$10:$K$1009,K17,$A$10:$A$1009,"<="&A17,$A$10:$A$1009,">="&(A17-$C$6))) | P17: =IF(OR(N17="",N17=0),"",M17/N17-1) | Q17: =IF(D17="","",IF(COUNTIFS($B$10:$B$1009,B17,$C$10:$C$1009,C17,$D$10:$D$1009,D17,$E$10:$E$1009,E17)>1,"MÜKERRER?",IF(P17="","",IF(P17>=$C$5,"İNCELE",IF(P17<=-$C$5,"Düşük","")))) | R17: =IF(AND(P17<>"",N(P17)>=$C$5,COUNTIFS($B$10:B17,B17,$C$10:C17,C17,$D$10:D17,D17,$E$10:E17,E17)=1),(M17-N17)*E17*L17,0) | S17: =IF(D17="",0,N(E17)*L17)
A18: 46238 | B18: Kaynak Market | C18: KM2026002580 | D18: SG2 Kaynak Teli 1.2mm 15kg | E18: 24 | F18: MAKARA | G18: 1687.5 | H18: 0 | I18: =IF(G18="","",G18*(1-N(H18))) | J18: =IF(I18="","",E18*I18) | K18: =IF(D18="","",IFERROR(VLOOKUP(D18,'Ürün Eşleştirme'!$A$6:$D$505,2,FALSE),D18)) | L18: =IF(D18="","",IFERROR(VLOOKUP(D18,'Ürün Eşleştirme'!$A$6:$D$505,4,FALSE),1)) | M18: =IF(I18="","",I18/L18) | N18: =IF(M18="","",IFERROR(AVERAGEIFS($M$10:$M$1009,$K$10:$K$1009,K18,$A$10:$A$1009,"<"&A18,$A$10:$A$1009,">="&(A18-$C$6)),"")) | O18: =IF(M18="","",_xlfn.MINIFS($M$10:$M$1009,$K$10:$K$1009,K18,$A$10:$A$1009,"<="&A18,$A$10:$A$1009,">="&(A18-$C$6))) | P18: =IF(OR(N18="",N18=0),"",M18/N18-1) | Q18: =IF(D18="","",IF(COUNTIFS($B$10:$B$1009,B18,$C$10:$C$1009,C18,$D$10:$D$1009,D18,$E$10:$E$1009,E18)>1,"MÜKERRER?",IF(P18="","",IF(P18>=$C$5,"İNCELE",IF(P18<=-$C$5,"Düşük","")))) | R18: =IF(AND(P18<>"",N(P18)>=$C$5,COUNTIFS($B$10:B18,B18,$C$10:C18,C18,$D$10:D18,D18,$E$10:E18,E18)=1),(M18-N18)*E18*L18,0) | S18: =IF(D18="",0,N(E18)*L18)
A19: 46238 | B19: Kaynak Market | C19: KM2026002580 | D19: SG2 Kaynak Teli 1.2mm 15kg | E19: 24 | F19: MAKARA | G19: 1687.5 | H19: 0 | I19: =IF(G19="","",G19*(1-N(H19))) | J19: =IF(I19="","",E19*I19) | K19: =IF(D19="","",IFERROR(VLOOKUP(D19,'Ürün Eşleştirme'!$A$6:$D$505,2,FALSE),D19)) | L19: =IF(D19="","",IFERROR(VLOOKUP(D19,'Ürün Eşleştirme'!$A$6:$D$505,4,FALSE),1)) | M19: =IF(I19="","",I19/L19) | N19: =IF(M19="","",IFERROR(AVERAGEIFS($M$10:$M$1009,$K$10:$K$1009,K19,$A$10:$A$1009,"<"&A19,$A$10:$A$1009,">="&(A19-$C$6)),"")) | O19: =IF(M19="","",_xlfn.MINIFS($M$10:$M$1009,$K$10:$K$1009,K19,$A$10:$A$1009,"<="&A19,$A$10:$A$1009,">="&(A19-$C$6))) | P19: =IF(OR(N19="",N19=0),"",M19/N19-1) | Q19: =IF(D19="","",IF(COUNTIFS($B$10:$B$1009,B19,$C$10:$C$1009,C19,$D$10:$D$1009,D19,$E$10:$E$1009,E19)>1,"MÜKERRER?",IF(P19="","",IF(P19>=$C$5,"İNCELE",IF(P19<=-$C$5,"Düşük","")))) | R19: =IF(AND(P19<>"",N(P19)>=$C$5,COUNTIFS($B$10:B19,B19,$C$10:C19,C19,$D$10:D19,D19,$E$10:E19,E19)=1),(M19-N19)*E19*L19,0) | S19: =IF(D19="",0,N(E19)*L19)
A20: 46157 | B20: Ova Ambalaj | C20: OA2026000045 | D20: Kraft koli 60x40x40 | E20: 500 | F20: ADET | G20: 27.5 | H20: 0 | I20: =IF(G20="","",G20*(1-N(H20))) | J20: =IF(I20="","",E20*I20) | K20: =IF(D20="","",IFERROR(VLOOKUP(D20,'Ürün Eşleştirme'!$A$6:$D$505,2,FALSE),D20)) | L20: =IF(D20="","",IFERROR(VLOOKUP(D20,'Ürün Eşleştirme'!$A$6:$D$505,4,FALSE),1)) | M20: =IF(I20="","",I20/L20) | N20: =IF(M20="","",IFERROR(AVERAGEIFS($M$10:$M$1009,$K$10:$K$1009,K20,$A$10:$A$1009,"<"&A20,$A$10:$A$1009,">="&(A20-$C$6)),"")) | O20: =IF(M20="","",_xlfn.MINIFS($M$10:$M$1009,$K$10:$K$1009,K20,$A$10:$A$1009,"<="&A20,$A$10:$A$1009,">="&(A20-$C$6))) | P20: =IF(OR(N20="",N20=0),"",M20/N20-1) | Q20: =IF(D20="","",IF(COUNTIFS($B$10:$B$1009,B20,$C$10:$C$1009,C20,$D$10:$D$1009,D20,$E$10:$E$1009,E20)>1,"MÜKERRER?",IF(P20="","",IF(P20>=$C$5,"İNCELE",IF(P20<=-$C$5,"Düşük","")))) | R20: =IF(AND(P20<>"",N(P20)>=$C$5,COUNTIFS($B$10:B20,B20,$C$10:C20,C20,$D$10:D20,D20,$E$10:E20,E20)=1),(M20-N20)*E20*L20,0) | S20: =IF(D20="",0,N(E20)*L20)
A21: 46211 | B21: Ova Ambalaj | C21: OA2026000071 | D21: Kraft koli 60x40x40 | E21: 600 | F21: ADET | G21: 29 | H21: 0.05 | I21: =IF(G21="","",G21*(1-N(H21))) | J21: =IF(I21="","",E21*I21) | K21: =IF(D21="","",IFERROR(VLOOKUP(D21,'Ürün Eşleştirme'!$A$6:$D$505,2,FALSE),D21)) | L21: =IF(D21="","",IFERROR(VLOOKUP(D21,'Ürün Eşleştirme'!$A$6:$D$505,4,FALSE),1)) | M21: =IF(I21="","",I21/L21) | N21: =IF(M21="","",IFERROR(AVERAGEIFS($M$10:$M$1009,$K$10:$K$1009,K21,$A$10:$A$1009,"<"&A21,$A$10:$A$1009,">="&(A21-$C$6)),"")) | O21: =IF(M21="","",_xlfn.MINIFS($M$10:$M$1009,$K$10:$K$1009,K21,$A$10:$A$1009,"<="&A21,$A$10:$A$1009,">="&(A21-$C$6))) | P21: =IF(OR(N21="",N21=0),"",M21/N21-1) | Q21: =IF(D21="","",IF(COUNTIFS($B$10:$B$1009,B21,$C$10:$C$1009,C21,$D$10:$D$1009,D21,$E$10:$E$1009,E21)>1,"MÜKERRER?",IF(P21="","",IF(P21>=$C$5,"İNCELE",IF(P21<=-$C$5,"Düşük","")))) | R21: =IF(AND(P21<>"",N(P21)>=$C$5,COUNTIFS($B$10:B21,B21,$C$10:C21,C21,$D$10:D21,D21,$E$10:E21,E21)=1),(M21-N21)*E21*L21,0) | S21: =IF(D21="",0,N(E21)*L21)
... A24: 46246 | B24: Akdeniz Yağ | C24: AY2026000377 | D24: Hidrolik yağ 46 (16 lt) | E24: 10 | F24: BİDON | G24: 1382.4 | H24: 0 | I24: =IF(G24="","",G24*(1-N(H24))) | J24: =IF(I24="","",E24*I24) | K24: =IF(D24="","",IFERROR(VLOOKUP(D24,'Ürün Eşleştirme'!$A$6:$D$505,2,FALSE),D24)) | L24: =IF(D24="","",IFERROR(VLOOKUP(D24,'Ürün Eşleştirme'!$A$6:$D$505,4,FALSE),1)) | M24: =IF(I24="","",I24/L24) | N24: =IF(M24="","",IFERROR(AVERAGEIFS($M$10:$M$1009,$K$10:$K$1009,K24,$A$10:$A$1009,"<"&A24,$A$10:$A$1009,">="&(A24-$C$6)),"")) | O24: =IF(M24="","",_xlfn.MINIFS($M$10:$M$1009,$K$10:$K$1009,K24,$A$10:$A$1009,"<="&A24,$A$10:$A$1009,">="&(A24-$C$6))) | P24: =IF(OR(N24="",N24=0),"",M24/N24-1) | Q24: =IF(D24="","",IF(COUNTIFS($B$10:$B$1009,B24,$C$10:$C$1009,C24,$D$10:$D$1009,D24,$E$10:$E$1009,E24)>1,"MÜKERRER?",IF(P24="","",IF(P24>=$C$5,"İNCELE",IF(P24<=-$C$5,"Düşük","")))) | R24: =IF(AND(P24<>"",N(P24)>=$C$5,COUNTIFS($B$10:B24,B24,$C$10:C24,C24,$D$10:D24,D24,$E$10:E24,E24)=1),(M24-N24)*E24*L24,0) | S24: =IF(D24="",0,N(E24)*L24)
I25: =IF(G25="","",G25*(1-N(H25))) | J25: =IF(I25="","",E25*I25) | K25: =IF(D25="","",IFERROR(VLOOKUP(D25,'Ürün Eşleştirme'!$A$6:$D$505,2,FALSE),D25)) | L25: =IF(D25="","",IFERROR(VLOOKUP(D25,'Ürün Eşleştirme'!$A$6:$D$505,4,FALSE),1)) | M25: =IF(I25="","",I25/L25) | N25: =IF(M25="","",IFERROR(AVERAGEIFS($M$10:$M$1009,$K$10:$K$1009,K25,$A$10:$A$1009,"<"&A25,$A$10:$A$1009,">="&(A25-$C$6)),"")) | O25: =IF(M25="","",_xlfn.MINIFS($M$10:$M$1009,$K$10:$K$1009,K25,$A$10:$A$1009,"<="&A25,$A$10:$A$1009,">="&(A25-$C$6))) | P25: =IF(OR(N25="",N25=0),"",M25/N25-1) | Q25: =IF(D25="","",IF(COUNTIFS($B$10:$B$1009,B25,$C$10:$C$1009,C25,$D$10:$D$1009,D25,$E$10:$E$1009,E25)>1,"MÜKERRER?",IF(P25="","",IF(P25>=$C$5,"İNCELE",IF(P25<=-$C$5,"Düşük","")))) | R25: =IF(AND(P25<>"",N(P25)>=$C$5,COUNTIFS($B$10:B25,B25,$C$10:C25,C25,$D$10:D25,D25,$E$10:E25,E25)=1),(M25-N25)*E25*L25,0) | S25: =IF(D25="",0,N(E25)*L25)
I26: =IF(G26="","",G26*(1-N(H26))) | J26: =IF(I26="","",E26*I26) | K26: =IF(D26="","",IFERROR(VLOOKUP(D26,'Ürün Eşleştirme'!$A$6:$D$505,2,FALSE),D26)) | L26: =IF(D26="","",IFERROR(VLOOKUP(D26,'Ürün Eşleştirme'!$A$6:$D$505,4,FALSE),1)) | M26: =IF(I26="","",I26/L26) | N26: =IF(M26="","",IFERROR(AVERAGEIFS($M$10:$M$1009,$K$10:$K$1009,K26,$A$10:$A$1009,"<"&A26,$A$10:$A$1009,">="&(A26-$C$6)),"")) | O26: =IF(M26="","",_xlfn.MINIFS($M$10:$M$1009,$K$10:$K$1009,K26,$A$10:$A$1009,"<="&A26,$A$10:$A$1009,">="&(A26-$C$6))) | P26: =IF(OR(N26="",N26=0),"",M26/N26-1) | Q26: =IF(D26="","",IF(COUNTIFS($B$10:$B$1009,B26,$C$10:$C$1009,C26,$D$10:$D$1009,D26,$E$10:$E$1009,E26)>1,"MÜKERRER?",IF(P26="","",IF(P26>=$C$5,"İNCELE",IF(P26<=-$C$5,"Düşük","")))) | R26: =IF(AND(P26<>"",N(P26)>=$C$5,COUNTIFS($B$10:B26,B26,$C$10:C26,C26,$D$10:D26,D26,$E$10:E26,E26)=1),(M26-N26)*E26*L26,0) | S26: =IF(D26="",0,N(E26)*L26)
I27: =IF(G27="","",G27*(1-N(H27))) | J27: =IF(I27="","",E27*I27) | K27: =IF(D27="","",IFERROR(VLOOKUP(D27,'Ürün Eşleştirme'!$A$6:$D$505,2,FALSE),D27)) | L27: =IF(D27="","",IFERROR(VLOOKUP(D27,'Ürün Eşleştirme'!$A$6:$D$505,4,FALSE),1)) | M27: =IF(I27="","",I27/L27) | N27: =IF(M27="","",IFERROR(AVERAGEIFS($M$10:$M$1009,$K$10:$K$1009,K27,$A$10:$A$1009,"<"&A27,$A$10:$A$1009,">="&(A27-$C$6)),"")) | O27: =IF(M27="","",_xlfn.MINIFS($M$10:$M$1009,$K$10:$K$1009,K27,$A$10:$A$1009,"<="&A27,$A$10:$A$1009,">="&(A27-$C$6))) | P27: =IF(OR(N27="",N27=0),"",M27/N27-1) | Q27: =IF(D27="","",IF(COUNTIFS($B$10:$B$1009,B27,$C$10:$C$1009,C27,$D$10:$D$1009,D27,$E$10:$E$1009,E27)>1,"MÜKERRER?",IF(P27="","",IF(P27>=$C$5,"İNCELE",IF(P27<=-$C$5,"Düşük","")))) | R27: =IF(AND(P27<>"",N(P27)>=$C$5,COUNTIFS($B$10:B27,B27,$C$10:C27,C27,$D$10:D27,D27,$E$10:E27,E27)=1),(M27-N27)*E27*L27,0) | S27: =IF(D27="",0,N(E27)*L27)
I28: =IF(G28="","",G28*(1-N(H28))) | J28: =IF(I28="","",E28*I28) | K28: =IF(D28="","",IFERROR(VLOOKUP(D28,'Ürün Eşleştirme'!$A$6:$D$505,2,FALSE),D28)) | L28: =IF(D28="","",IFERROR(VLOOKUP(D28,'Ürün Eşleştirme'!$A$6:$D$505,4,FALSE),1)) | M28: =IF(I28="","",I28/L28) | N28: =IF(M28="","",IFERROR(AVERAGEIFS($M$10:$M$1009,$K$10:$K$1009,K28,$A$10:$A$1009,"<"&A28,$A$10:$A$1009,">="&(A28-$C$6)),"")) | O28: =IF(M28="","",_xlfn.MINIFS($M$10:$M$1009,$K$10:$K$1009,K28,$A$10:$A$1009,"<="&A28,$A$10:$A$1009,">="&(A28-$C$6))) | P28: =IF(OR(N28="",N28=0),"",M28/N28-1) | Q28: =IF(D28="","",IF(COUNTIFS($B$10:$B$1009,B28,$C$10:$C$1009,C28,$D$10:$D$1009,D28,$E$10:$E$1009,E28)>1,"MÜKERRER?",IF(P28="","",IF(P28>=$C$5,"İNCELE",IF(P28<=-$C$5,"Düşük","")))) | R28: =IF(AND(P28<>"",N(P28)>=$C$5,COUNTIFS($B$10:B28,B28,$C$10:C28,C28,$D$10:D28,D28,$E$10:E28,E28)=1),(M28-N28)*E28*L28,0) | S28: =IF(D28="",0,N(E28)*L28)
I29: =IF(G29="","",G29*(1-N(H29))) | J29: =IF(I29="","",E29*I29) | K29: =IF(D29="","",IFERROR(VLOOKUP(D29,'Ürün Eşleştirme'!$A$6:$D$505,2,FALSE),D29)) | L29: =IF(D29="","",IFERROR(VLOOKUP(D29,'Ürün Eşleştirme'!$A$6:$D$505,4,FALSE),1)) | M29: =IF(I29="","",I29/L29) | N29: =IF(M29="","",IFERROR(AVERAGEIFS($M$10:$M$1009,$K$10:$K$1009,K29,$A$10:$A$1009,"<"&A29,$A$10:$A$1009,">="&(A29-$C$6)),"")) | O29: =IF(M29="","",_xlfn.MINIFS($M$10:$M$1009,$K$10:$K$1009,K29,$A$10:$A$1009,"<="&A29,$A$10:$A$1009,">="&(A29-$C$6))) | P29: =IF(OR(N29="",N29=0),"",M29/N29-1) | Q29: =IF(D29="","",IF(COUNTIFS($B$10:$B$1009,B29,$C$10:$C$1009,C29,$D$10:$D$1009,D29,$E$10:$E$1009,E29)>1,"MÜKERRER?",IF(P29="","",IF(P29>=$C$5,"İNCELE",IF(P29<=-$C$5,"Düşük","")))) | R29: =IF(AND(P29<>"",N(P29)>=$C$5,COUNTIFS($B$10:B29,B29,$C$10:C29,C29,$D$10:D29,D29,$E$10:E29,E29)=1),(M29-N29)*E29*L29,0) | S29: =IF(D29="",0,N(E29)*L29)
I30: =IF(G30="","",G30*(1-N(H30))) | J30: =IF(I30="","",E30*I30) | K30: =IF(D30="","",IFERROR(VLOOKUP(D30,'Ürün Eşleştirme'!$A$6:$D$505,2,FALSE),D30)) | L30: =IF(D30="","",IFERROR(VLOOKUP(D30,'Ürün Eşleştirme'!$A$6:$D$505,4,FALSE),1)) | M30: =IF(I30="","",I30/L30) | N30: =IF(M30="","",IFERROR(AVERAGEIFS($M$10:$M$1009,$K$10:$K$1009,K30,$A$10:$A$1009,"<"&A30,$A$10:$A$1009,">="&(A30-$C$6)),"")) | O30: =IF(M30="","",_xlfn.MINIFS($M$10:$M$1009,$K$10:$K$1009,K30,$A$10:$A$1009,"<="&A30,$A$10:$A$1009,">="&(A30-$C$6))) | P30: =IF(OR(N30="",N30=0),"",M30/N30-1) | Q30: =IF(D30="","",IF(COUNTIFS($B$10:$B$1009,B30,$C$10:$C$1009,C30,$D$10:$D$1009,D30,$E$10:$E$1009,E30)>1,"MÜKERRER?",IF(P30="","",IF(P30>=$C$5,"İNCELE",IF(P30<=-$C$5,"Düşük","")))) | R30: =IF(AND(P30<>"",N(P30)>=$C$5,COUNTIFS($B$10:B30,B30,$C$10:C30,C30,$D$10:D30,D30,$E$10:E30,E30)=1),(M30-N30)*E30*L30,0) | S30: =IF(D30="",0,N(E30)*L30)
I31: =IF(G31="","",G31*(1-N(H31))) | J31: =IF(I31="","",E31*I31) | K31: =IF(D31="","",IFERROR(VLOOKUP(D31,'Ürün Eşleştirme'!$A$6:$D$505,2,FALSE),D31)) | L31: =IF(D31="","",IFERROR(VLOOKUP(D31,'Ürün Eşleştirme'!$A$6:$D$505,4,FALSE),1)) | M31: =IF(I31="","",I31/L31) | N31: =IF(M31="","",IFERROR(AVERAGEIFS($M$10:$M$1009,$K$10:$K$1009,K31,$A$10:$A$1009,"<"&A31,$A$10:$A$1009,">="&(A31-$C$6)),"")) | O31: =IF(M31="","",_xlfn.MINIFS($M$10:$M$1009,$K$10:$K$1009,K31,$A$10:$A$1009,"<="&A31,$A$10:$A$1009,">="&(A31-$C$6))) | P31: =IF(OR(N31="",N31=0),"",M31/N31-1) | Q31: =IF(D31="","",IF(COUNTIFS($B$10:$B$1009,B31,$C$10:$C$1009,C31,$D$10:$D$1009,D31,$E$10:$E$1009,E31)>1,"MÜKERRER?",IF(P31="","",IF(P31>=$C$5,"İNCELE",IF(P31<=-$C$5,"Düşük","")))) | R31: =IF(AND(P31<>"",N(P31)>=$C$5,COUNTIFS($B$10:B31,B31,$C$10:C31,C31,$D$10:D31,D31,$E$10:E31,E31)=1),(M31-N31)*E31*L31,0) | S31: =IF(D31="",0,N(E31)*L31)
I32: =IF(G32="","",G32*(1-N(H32))) | J32: =IF(I32="","",E32*I32) | K32: =IF(D32="","",IFERROR(VLOOKUP(D32,'Ürün Eşleştirme'!$A$6:$D$505,2,FALSE),D32)) | L32: =IF(D32="","",IFERROR(VLOOKUP(D32,'Ürün Eşleştirme'!$A$6:$D$505,4,FALSE),1)) | M32: =IF(I32="","",I32/L32) | N32: =IF(M32="","",IFERROR(AVERAGEIFS($M$10:$M$1009,$K$10:$K$1009,K32,$A$10:$A$1009,"<"&A32,$A$10:$A$1009,">="&(A32-$C$6)),"")) | O32: =IF(M32="","",_xlfn.MINIFS($M$10:$M$1009,$K$10:$K$1009,K32,$A$10:$A$1009,"<="&A32,$A$10:$A$1009,">="&(A32-$C$6))) | P32: =IF(OR(N32="",N32=0),"",M32/N32-1) | Q32: =IF(D32="","",IF(COUNTIFS($B$10:$B$1009,B32,$C$10:$C$1009,C32,$D$10:$D$1009,D32,$E$10:$E$1009,E32)>1,"MÜKERRER?",IF(P32="","",IF(P32>=$C$5,"İNCELE",IF(P32<=-$C$5,"Düşük","")))) | R32: =IF(AND(P32<>"",N(P32)>=$C$5,COUNTIFS($B$10:B32,B32,$C$10:C32,C32,$D$10:D32,D32,$E$10:E32,E32)=1),(M32-N32)*E32*L32,0) | S32: =IF(D32="",0,N(E32)*L32)
I33: =IF(G33="","",G33*(1-N(H33))) | J33: =IF(I33="","",E33*I33) | K33: =IF(D33="","",IFERROR(VLOOKUP(D33,'Ürün Eşleştirme'!$A$6:$D$505,2,FALSE),D33)) | L33: =IF(D33="","",IFERROR(VLOOKUP(D33,'Ürün Eşleştirme'!$A$6:$D$505,4,FALSE),1)) | M33: =IF(I33="","",I33/L33) | N33: =IF(M33="","",IFERROR(AVERAGEIFS($M$10:$M$1009,$K$10:$K$1009,K33,$A$10:$A$1009,"<"&A33,$A$10:$A$1009,">="&(A33-$C$6)),"")) | O33: =IF(M33="","",_xlfn.MINIFS($M$10:$M$1009,$K$10:$K$1009,K33,$A$10:$A$1009,"<="&A33,$A$10:$A$1009,">="&(A33-$C$6))) | P33: =IF(OR(N33="",N33=0),"",M33/N33-1) | Q33: =IF(D33="","",IF(COUNTIFS($B$10:$B$1009,B33,$C$10:$C$1009,C33,$D$10:$D$1009,D33,$E$10:$E$1009,E33)>1,"MÜKERRER?",IF(P33="","",IF(P33>=$C$5,"İNCELE",IF(P33<=-$C$5,"Düşük","")))) | R33: =IF(AND(P33<>"",N(P33)>=$C$5,COUNTIFS($B$10:B33,B33,$C$10:C33,C33,$D$10:D33,D33,$E$10:E33,E33)=1),(M33-N33)*E33*L33,0) | S33: =IF(D33="",0,N(E33)*L33)
I34: =IF(G34="","",G34*(1-N(H34))) | J34: =IF(I34="","",E34*I34) | K34: =IF(D34="","",IFERROR(VLOOKUP(D34,'Ürün Eşleştirme'!$A$6:$D$505,2,FALSE),D34)) | L34: =IF(D34="","",IFERROR(VLOOKUP(D34,'Ürün Eşleştirme'!$A$6:$D$505,4,FALSE),1)) | M34: =IF(I34="","",I34/L34) | N34: =IF(M34="","",IFERROR(AVERAGEIFS($M$10:$M$1009,$K$10:$K$1009,K34,$A$10:$A$1009,"<"&A34,$A$10:$A$1009,">="&(A34-$C$6)),"")) | O34: =IF(M34="","",_xlfn.MINIFS($M$10:$M$1009,$K$10:$K$1009,K34,$A$10:$A$1009,"<="&A34,$A$10:$A$1009,">="&(A34-$C$6))) | P34: =IF(OR(N34="",N34=0),"",M34/N34-1) | Q34: =IF(D34="","",IF(COUNTIFS($B$10:$B$1009,B34,$C$10:$C$1009,C34,$D$10:$D$1009,D34,$E$10:$E$1009,E34)>1,"MÜKERRER?",IF(P34="","",IF(P34>=$C$5,"İNCELE",IF(P34<=-$C$5,"Düşük","")))) | R34: =IF(AND(P34<>"",N(P34)>=$C$5,COUNTIFS($B$10:B34,B34,$C$10:C34,C34,$D$10:D34,D34,$E$10:E34,E34)=1),(M34-N34)*E34*L34,0) | S34: =IF(D34="",0,N(E34)*L34)
I35: =IF(G35="","",G35*(1-N(H35))) | J35: =IF(I35="","",E35*I35) | K35: =IF(D35="","",IFERROR(VLOOKUP(D35,'Ürün Eşleştirme'!$A$6:$D$505,2,FALSE),D35)) | L35: =IF(D35="","",IFERROR(VLOOKUP(D35,'Ürün Eşleştirme'!$A$6:$D$505,4,FALSE),1)) | M35: =IF(I35="","",I35/L35) | N35: =IF(M35="","",IFERROR(AVERAGEIFS($M$10:$M$1009,$K$10:$K$1009,K35,$A$10:$A$1009,"<"&A35,$A$10:$A$1009,">="&(A35-$C$6)),"")) | O35: =IF(M35="","",_xlfn.MINIFS($M$10:$M$1009,$K$10:$K$1009,K35,$A$10:$A$1009,"<="&A35,$A$10:$A$1009,">="&(A35-$C$6))) | P35: =IF(OR(N35="",N35=0),"",M35/N35-1) | Q35: =IF(D35="","",IF(COUNTIFS($B$10:$B$1009,B35,$C$10:$C$1009,C35,$D$10:$D$1009,D35,$E$10:$E$1009,E35)>1,"MÜKERRER?",IF(P35="","",IF(P35>=$C$5,"İNCELE",IF(P35<=-$C$5,"Düşük","")))) | R35: =IF(AND(P35<>"",N(P35)>=$C$5,COUNTIFS($B$10:B35,B35,$C$10:C35,C35,$D$10:D35,D35,$E$10:E35,E35)=1),(M35-N35)*E35*L35,0) | S35: =IF(D35="",0,N(E35)*L35)
I36: =IF(G36="","",G36*(1-N(H36))) | J36: =IF(I36="","",E36*I36) | K36: =IF(D36="","",IFERROR(VLOOKUP(D36,'Ürün Eşleştirme'!$A$6:$D$505,2,FALSE),D36)) | L36: =IF(D36="","",IFERROR(VLOOKUP(D36,'Ürün Eşleştirme'!$A$6:$D$505,4,FALSE),1)) | M36: =IF(I36="","",I36/L36) | N36: =IF(M36="","",IFERROR(AVERAGEIFS($M$10:$M$1009,$K$10:$K$1009,K36,$A$10:$A$1009,"<"&A36,$A$10:$A$1009,">="&(A36-$C$6)),"")) | O36: =IF(M36="","",_xlfn.MINIFS($M$10:$M$1009,$K$10:$K$1009,K36,$A$10:$A$1009,"<="&A36,$A$10:$A$1009,">="&(A36-$C$6))) | P36: =IF(OR(N36="",N36=0),"",M36/N36-1) | Q36: =IF(D36="","",IF(COUNTIFS($B$10:$B$1009,B36,$C$10:$C$1009,C36,$D$10:$D$1009,D36,$E$10:$E$1009,E36)>1,"MÜKERRER?",IF(P36="","",IF(P36>=$C$5,"İNCELE",IF(P36<=-$C$5,"Düşük","")))) | R36: =IF(AND(P36<>"",N(P36)>=$C$5,COUNTIFS($B$10:B36,B36,$C$10:C36,C36,$D$10:D36,D36,$E$10:E36,E36)=1),(M36-N36)*E36*L36,0) | S36: =IF(D36="",0,N(E36)*L36)
... I1009: =IF(G1009="","",G1009*(1-N(H1009))) | J1009: =IF(I1009="","",E1009*I1009) | K1009: =IF(D1009="","",IFERROR(VLOOKUP(D1009,'Ürün Eşleştirme'!$A$6:$D$505,2,FALSE),D1009)) | L1009: =IF(D1009="","",IFERROR(VLOOKUP(D1009,'Ürün Eşleştirme'!$A$6:$D$505,4,FALSE),1)) | M1009: =IF(I1009="","",I1009/L1009) | N1009: =IF(M1009="","",IFERROR(AVERAGEIFS($M$10:$M$1009,$K$10:$K$1009,K1009,$A$10:$A$1009,"<"&A1009,$A$10:$A$1009,">="&(A1009-$C$6)),"")) | O1009: =IF(M1009="","",_xlfn.MINIFS($M$10:$M$1009,$K$10:$K$1009,K1009,$A$10:$A$1009,"<="&A1009,$A$10:$A$1009,">="&(A1009-$C$6))) | P1009: =IF(OR(N1009="",N1009=0),"",M1009/N1009-1) | Q1009: =IF(D1009="","",IF(COUNTIFS($B$10:$B$1009,B1009,$C$10:$C$1009,C1009,$D$10:$D$1009,D1009,$E$10:$E$1009,E1009)>1,"MÜKERRER?",IF(P1009="","",IF(P1009>=$C$5,"İNCELE",IF(P1009<=-$C$5,"Düşük","")))) | R1009: =IF(AND(P1009<>"",N(P1009)>=$C$5,COUNTIFS($B$10:B1009,B1009,$C$10:C1009,C1009,$D$10:D1009,D1009,$E$10:E1009,E1009)=1),(M1009-N1009)*E1009*L1009,0) | S1009: =IF(D1009="",0,N(E1009)*L1009)

Sheet Ürün Eşleştirme
A1: NİRENGİ DANIŞMANLIK | D1: emreceran.github.io/nirengi-danismanlik
A2: Ürün eşleştirme
A3: Aynı ürün her tedarikçide farklı adla yazılır. Hepsini tek bir standart ada ve birime bağlayın.
A5: Faturadaki ürün adı | B5: Standart ürün | C5: Standart birim | D5: Çevrim katsayısı (1 fatura birimi = ? standart birim)
A6: KUTU PROF.40X40X2 | B6: Kutu profil 40x40x2 | C6: KG | D6: 1
A7: 40*40 kutu profil 2 mm | B7: Kutu profil 40x40x2 | C7: KG | D7: 1
A8: Profil 40x40x2 St37 6mt | B8: Kutu profil 40x40x2 | C8: KG | D8: 8.6
A9: SG2 Kaynak Teli 1.2mm 15kg | B9: Kaynak teli SG2 1,2 mm | C9: KG | D9: 15
A10: Kraft koli 60x40x40 | B10: Kraft koli 60x40x40 | C10: ADET | D10: 1
A11: Hidrolik yağ 46 (16 lt) | B11: Hidrolik yağ 46 | C11: LT | D11: 16

Sheet Ürün Özeti
A1: NİRENGİ DANIŞMANLIK | I1: emreceran.github.io/nirengi-danismanlik
A2: Ürün bazında fiyat özeti
A3: Standart ürün adlarını yazın; alım sayısı, fiyat aralığı ve incelenecek kalemler hesaplanır.
A5: Standart ürün | B5: Alım sayısı | C5: Toplam miktar (std.) | D5: Toplam tutar | E5: En düşük | F5: En yüksek | G5: Ortalama | H5: Fiyat aralığı | I5: İncelenecek
A6: Hidrolik yağ 46 | B6: =IF(A6="","",COUNTIF(Alımlar!$K$10:$K$1009,A6)) | C6: =IF(A6="","",SUMIFS(Alımlar!$S$10:$S$1009,Alımlar!$K$10:$K$1009,A6)) | D6: =IF(A6="","",SUMIFS(Alımlar!$J$10:$J$1009,Alımlar!$K$10:$K$1009,A6)) | E6: =IF(OR(A6="",B6=0),"",_xlfn.MINIFS(Alımlar!$M$10:$M$1009,Alımlar!$K$10:$K$1009,A6)) | F6: =IF(OR(A6="",B6=0),"",_xlfn.MAXIFS(Alımlar!$M$10:$M$1009,Alımlar!$K$10:$K$1009,A6)) | G6: =IF(OR(A6="",B6=0),"",AVERAGEIFS(Alımlar!$M$10:$M$1009,Alımlar!$K$10:$K$1009,A6)) | H6: =IF(OR(E6="",E6=0),"",F6/E6-1) | I6: =IF(A6="","",COUNTIFS(Alımlar!$K$10:$K$1009,A6,Alımlar!$Q$10:$Q$1009,"İNCELE"))
A7: Kaynak teli SG2 1,2 mm | B7: =IF(A7="","",COUNTIF(Alımlar!$K$10:$K$1009,A7)) | C7: =IF(A7="","",SUMIFS(Alımlar!$S$10:$S$1009,Alımlar!$K$10:$K$1009,A7)) | D7: =IF(A7="","",SUMIFS(Alımlar!$J$10:$J$1009,Alımlar!$K$10:$K$1009,A7)) | E7: =IF(OR(A7="",B7=0),"",_xlfn.MINIFS(Alımlar!$M$10:$M$1009,Alımlar!$K$10:$K$1009,A7)) | F7: =IF(OR(A7="",B7=0),"",_xlfn.MAXIFS(Alımlar!$M$10:$M$1009,Alımlar!$K$10:$K$1009,A7)) | G7: =IF(OR(A7="",B7=0),"",AVERAGEIFS(Alımlar!$M$10:$M$1009,Alımlar!$K$10:$K$1009,A7)) | H7: =IF(OR(E7="",E7=0),"",F7/E7-1) | I7: =IF(A7="","",COUNTIFS(Alımlar!$K$10:$K$1009,A7,Alımlar!$Q$10:$Q$1009,"İNCELE"))
A8: Kraft koli 60x40x40 | B8: =IF(A8="","",COUNTIF(Alımlar!$K$10:$K$1009,A8)) | C8: =IF(A8="","",SUMIFS(Alımlar!$S$10:$S$1009,Alımlar!$K$10:$K$1009,A8)) | D8: =IF(A8="","",SUMIFS(Alımlar!$J$10:$J$1009,Alımlar!$K$10:$K$1009,A8)) | E8: =IF(OR(A8="",B8=0),"",_xlfn.MINIFS(Alımlar!$M$10:$M$1009,Alımlar!$K$10:$K$1009,A8)) | F8: =IF(OR(A8="",B8=0),"",_xlfn.MAXIFS(Alımlar!$M$10:$M$1009,Alımlar!$K$10:$K$1009,A8)) | G8: =IF(OR(A8="",B8=0),"",AVERAGEIFS(Alımlar!$M$10:$M$1009,Alımlar!$K$10:$K$1009,A8)) | H8: =IF(OR(E8="",E8=0),"",F8/E8-1) | I8: =IF(A8="","",COUNTIFS(Alımlar!$K$10:$K$1009,A8,Alımlar!$Q$10:$Q$1009,"İNCELE"))
A9: Kutu profil 40x40x2 | B9: =IF(A9="","",COUNTIF(Alımlar!$K$10:$K$1009,A9)) | C9: =IF(A9="","",SUMIFS(Alımlar!$S$10:$S$1009,Alımlar!$K$10:$K$1009,A9)) | D9: =IF(A9="","",SUMIFS(Alımlar!$J$10:$J$1009,Alımlar!$K$10:$K$1009,A9)) | E9: =IF(OR(A9="",B9=0),"",_xlfn.MINIFS(Alımlar!$M$10:$M$1009,Alımlar!$K$10:$K$1009,A9)) | F9: =IF(OR(A9="",B9=0),"",_xlfn.MAXIFS(Alımlar!$M$10:$M$1009,Alımlar!$K$10:$K$1009,A9)) | G9: =IF(OR(A9="",B9=0),"",AVERAGEIFS(Alımlar!$M$10:$M$1009,Alımlar!$K$10:$K$1009,A9)) | H9: =IF(OR(E9="",E9=0),"",F9/E9-1) | I9: =IF(A9="","",COUNTIFS(Alımlar!$K$10:$K$1009,A9,Alımlar!$Q$10:$Q$1009,"İNCELE"))
B10: =IF(A10="","",COUNTIF(Alımlar!$K$10:$K$1009,A10)) | C10: =IF(A10="","",SUMIFS(Alımlar!$S$10:$S$1009,Alımlar!$K$10:$K$1009,A10)) | D10: =IF(A10="","",SUMIFS(Alımlar!$J$10:$J$1009,Alımlar!$K$10:$K$1009,A10)) | E10: =IF(OR(A10="",B10=0),"",_xlfn.MINIFS(Alımlar!$M$10:$M$1009,Alımlar!$K$10:$K$1009,A10)) | F10: =IF(OR(A10="",B10=0),"",_xlfn.MAXIFS(Alımlar!$M$10:$M$1009,Alımlar!$K$10:$K$1009,A10)) | G10: =IF(OR(A10="",B10=0),"",AVERAGEIFS(Alımlar!$M$10:$M$1009,Alımlar!$K$10:$K$1009,A10)) | H10: =IF(OR(E10="",E10=0),"",F10/E10-1) | I10: =IF(A10="","",COUNTIFS(Alımlar!$K$10:$K$1009,A10,Alımlar!$Q$10:$Q$1009,"İNCELE"))
B11: =IF(A11="","",COUNTIF(Alımlar!$K$10:$K$1009,A11)) | C11: =IF(A11="","",SUMIFS(Alımlar!$S$10:$S$1009,Alımlar!$K$10:$K$1009,A11)) | D11: =IF(A11="","",SUMIFS(Alımlar!$J$10:$J$1009,Alımlar!$K$10:$K$1009,A11)) | E11: =IF(OR(A11="",B11=0),"",_xlfn.MINIFS(Alımlar!$M$10:$M$1009,Alımlar!$K$10:$K$1009,A11)) | F11: =IF(OR(A11="",B11=0),"",_xlfn.MAXIFS(Alımlar!$M$10:$M$1009,Alımlar!$K$10:$K$1009,A11)) | G11: =IF(OR(A11="",B11=0),"",AVERAGEIFS(Alımlar!$M$10:$M$1009,Alımlar!$K$10:$K$1009,A11)) | H11: =IF(OR(E11="",E11=0),"",F11/E11-1) | I11: =IF(A11="","",COUNTIFS(Alımlar!$K$10:$K$1009,A11,Alımlar!$Q$10:$Q$1009,"İNCELE"))
B12: =IF(A12="","",COUNTIF(Alımlar!$K$10:$K$1009,A12)) | C12: =IF(A12="","",SUMIFS(Alımlar!$S$10:$S$1009,Alımlar!$K$10:$K$1009,A12)) | D12: =IF(A12="","",SUMIFS(Alımlar!$J$10:$J$1009,Alımlar!$K$10:$K$1009,A12)) | E12: =IF(OR(A12="",B12=0),"",_xlfn.MINIFS(Alımlar!$M$10:$M$1009,Alımlar!$K$10:$K$1009,A12)) | F12: =IF(OR(A12="",B12=0),"",_xlfn.MAXIFS(Alımlar!$M$10:$M$1009,Alımlar!$K$10:$K$1009,A12)) | G12: =IF(OR(A12="",B12=0),"",AVERAGEIFS(Alımlar!$M$10:$M$1009,Alımlar!$K$10:$K$1009,A12)) | H12: =IF(OR(E12="",E12=0),"",F12/E12-1) | I12: =IF(A12="","",COUNTIFS(Alımlar!$K$10:$K$1009,A12,Alımlar!$Q$10:$Q$1009,"İNCELE"))
B13: =IF(A13="","",COUNTIF(Alımlar!$K$10:$K$1009,A13)) | C13: =IF(A13="","",SUMIFS(Alımlar!$S$10:$S$1009,Alımlar!$K$10:$K$1009,A13)) | D13: =IF(A13="","",SUMIFS(Alımlar!$J$10:$J$1009,Alımlar!$K$10:$K$1009,A13)) | E13: =IF(OR(A13="",B13=0),"",_xlfn.MINIFS(Alımlar!$M$10:$M$1009,Alımlar!$K$10:$K$1009,A13)) | F13: =IF(OR(A13="",B13=0),"",_xlfn.MAXIFS(Alımlar!$M$10:$M$1009,Alımlar!$K$10:$K$1009,A13)) | G13: =IF(OR(A13="",B13=0),"",AVERAGEIFS(Alımlar!$M$10:$M$1009,Alımlar!$K$10:$K$1009,A13)) | H13: =IF(OR(E13="",E13=0),"",F13/E13-1) | I13: =IF(A13="","",COUNTIFS(Alımlar!$K$10:$K$1009,A13,Alımlar!$Q$10:$Q$1009,"İNCELE"))
B14: =IF(A14="","",COUNTIF(Alımlar!$K$10:$K$1009,A14)) | C14: =IF(A14="","",SUMIFS(Alımlar!$S$10:$S$1009,Alımlar!$K$10:$K$1009,A14)) | D14: =IF(A14="","",SUMIFS(Alımlar!$J$10:$J$1009,Alımlar!$K$10:$K$1009,A14)) | E14: =IF(OR(A14="",B14=0),"",_xlfn.MINIFS(Alımlar!$M$10:$M$1009,Alımlar!$K$10:$K$1009,A14)) | F14: =IF(OR(A14="",B14=0),"",_xlfn.MAXIFS(Alımlar!$M$10:$M$1009,Alımlar!$K$10:$K$1009,A14)) | G14: =IF(OR(A14="",B14=0),"",AVERAGEIFS(Alımlar!$M$10:$M$1009,Alımlar!$K$10:$K$1009,A14)) | H14: =IF(OR(E14="",E14=0),"",F14/E14-1) | I14: =IF(A14="","",COUNTIFS(Alımlar!$K$10:$K$1009,A14,Alımlar!$Q$10:$Q$1009,"İNCELE"))
B15: =IF(A15="","",COUNTIF(Alımlar!$K$10:$K$1009,A15)) | C15: =IF(A15="","",SUMIFS(Alımlar!$S$10:$S$1009,Alımlar!$K$10:$K$1009,A15)) | D15: =IF(A15="","",SUMIFS(Alımlar!$J$10:$J$1009,Alımlar!$K$10:$K$1009,A15)) | E15: =IF(OR(A15="",B15=0),"",_xlfn.MINIFS(Alımlar!$M$10:$M$1009,Alımlar!$K$10:$K$1009,A15)) | F15: =IF(OR(A15="",B15=0),"",_xlfn.MAXIFS(Alımlar!$M$10:$M$1009,Alımlar!$K$10:$K$1009,A15)) | G15: =IF(OR(A15="",B15=0),"",AVERAGEIFS(Alımlar!$M$10:$M$1009,Alımlar!$K$10:$K$1009,A15)) | H15: =IF(OR(E15="",E15=0),"",F15/E15-1) | I15: =IF(A15="","",COUNTIFS(Alımlar!$K$10:$K$1009,A15,Alımlar!$Q$10:$Q$1009,"İNCELE"))
B16: =IF(A16="","",COUNTIF(Alımlar!$K$10:$K$1009,A16)) | C16: =IF(A16="","",SUMIFS(Alımlar!$S$10:$S$1009,Alımlar!$K$10:$K$1009,A16)) | D16: =IF(A16="","",SUMIFS(Alımlar!$J$10:$J$1009,Alımlar!$K$10:$K$1009,A16)) | E16: =IF(OR(A16="",B16=0),"",_xlfn.MINIFS(Alımlar!$M$10:$M$1009,Alımlar!$K$10:$K$1009,A16)) | F16: =IF(OR(A16="",B16=0),"",_xlfn.MAXIFS(Alımlar!$M$10:$M$1009,Alımlar!$K$10:$K$1009,A16)) | G16: =IF(OR(A16="",B16=0),"",AVERAGEIFS(Alımlar!$M$10:$M$1009,Alımlar!$K$10:$K$1009,A16)) | H16: =IF(OR(E16="",E16=0),"",F16/E16-1) | I16: =IF(A16="","",COUNTIFS(Alımlar!$K$10:$K$1009,A16,Alımlar!$Q$10:$Q$1009,"İNCELE"))
B17: =IF(A17="","",COUNTIF(Alımlar!$K$10:$K$1009,A17)) | C17: =IF(A17="","",SUMIFS(Alımlar!$S$10:$S$1009,Alımlar!$K$10:$K$1009,A17)) | D17: =IF(A17="","",SUMIFS(Alımlar!$J$10:$J$1009,Alımlar!$K$10:$K$1009,A17)) | E17: =IF(OR(A17="",B17=0),"",_xlfn.MINIFS(Alımlar!$M$10:$M$1009,Alımlar!$K$10:$K$1009,A17)) | F17: =IF(OR(A17="",B17=0),"",_xlfn.MAXIFS(Alımlar!$M$10:$M$1009,Alımlar!$K$10:$K$1009,A17)) | G17: =IF(OR(A17="",B17=0),"",AVERAGEIFS(Alımlar!$M$10:$M$1009,Alımlar!$K$10:$K$1009,A17)) | H17: =IF(OR(E17="",E17=0),"",F17/E17-1) | I17: =IF(A17="","",COUNTIFS(Alımlar!$K$10:$K$1009,A17,Alımlar!$Q$10:$Q$1009,"İNCELE"))
B18: =IF(A18="","",COUNTIF(Alımlar!$K$10:$K$1009,A18)) | C18: =IF(A18="","",SUMIFS(Alımlar!$S$10:$S$1009,Alımlar!$K$10:$K$1009,A18)) | D18: =IF(A18="","",SUMIFS(Alımlar!$J$10:$J$1009,Alımlar!$K$10:$K$1009,A18)) | E18: =IF(OR(A18="",B18=0),"",_xlfn.MINIFS(Alımlar!$M$10:$M$1009,Alımlar!$K$10:$K$1009,A18)) | F18: =IF(OR(A18="",B18=0),"",_xlfn.MAXIFS(Alımlar!$M$10:$M$1009,Alımlar!$K$10:$K$1009,A18)) | G18: =IF(OR(A18="",B18=0),"",AVERAGEIFS(Alımlar!$M$10:$M$1009,Alımlar!$K$10:$K$1009,A18)) | H18: =IF(OR(E18="",E18=0),"",F18/E18-1) | I18: =IF(A18="","",COUNTIFS(Alımlar!$K$10:$K$1009,A18,Alımlar!$Q$10:$Q$1009,"İNCELE"))
B19: =IF(A19="","",COUNTIF(Alımlar!$K$10:$K$1009,A19)) | C19: =IF(A19="","",SUMIFS(Alımlar!$S$10:$S$1009,Alımlar!$K$10:$K$1009,A19)) | D19: =IF(A19="","",SUMIFS(Alımlar!$J$10:$J$1009,Alımlar!$K$10:$K$1009,A19)) | E19: =IF(OR(A19="",B19=0),"",_xlfn.MINIFS(Alımlar!$M$10:$M$1009,Alımlar!$K$10:$K$1009,A19)) | F19: =IF(OR(A19="",B19=0),"",_xlfn.MAXIFS(Alımlar!$M$10:$M$1009,Alımlar!$K$10:$K$1009,A19)) | G19: =IF(OR(A19="",B19=0),"",AVERAGEIFS(Alımlar!$M$10:$M$1009,Alımlar!$K$10:$K$1009,A19)) | H19: =IF(OR(E19="",E19=0),"",F19/E19-1) | I19: =IF(A19="","",COUNTIFS(Alımlar!$K$10:$K$1009,A19,Alımlar!$Q$10:$Q$1009,"İNCELE"))
B20: =IF(A20="","",COUNTIF(Alımlar!$K$10:$K$1009,A20)) | C20: =IF(A20="","",SUMIFS(Alımlar!$S$10:$S$1009,Alımlar!$K$10:$K$1009,A20)) | D20: =IF(A20="","",SUMIFS(Alımlar!$J$10:$J$1009,Alımlar!$K$10:$K$1009,A20)) | E20: =IF(OR(A20="",B20=0),"",_xlfn.MINIFS(Alımlar!$M$10:$M$1009,Alımlar!$K$10:$K$1009,A20)) | F20: =IF(OR(A20="",B20=0),"",_xlfn.MAXIFS(Alımlar!$M$10:$M$1009,Alımlar!$K$10:$K$1009,A20)) | G20: =IF(OR(A20="",B20=0),"",AVERAGEIFS(Alımlar!$M$10:$M$1009,Alımlar!$K$10:$K$1009,A20)) | H20: =IF(OR(E20="",E20=0),"",F20/E20-1) | I20: =IF(A20="","",COUNTIFS(Alımlar!$K$10:$K$1009,A20,Alımlar!$Q$10:$Q$1009,"İNCELE"))
B21: =IF(A21="","",COUNTIF(Alımlar!$K$10:$K$1009,A21)) | C21: =IF(A21="","",SUMIFS(Alımlar!$S$10:$S$1009,Alımlar!$K$10:$K$1009,A21)) | D21: =IF(A21="","",SUMIFS(Alımlar!$J$10:$J$1009,Alımlar!$K$10:$K$1009,A21)) | E21: =IF(OR(A21="",B21=0),"",_xlfn.MINIFS(Alımlar!$M$10:$M$1009,Alımlar!$K$10:$K$1009,A21)) | F21: =IF(OR(A21="",B21=0),"",_xlfn.MAXIFS(Alımlar!$M$10:$M$1009,Alımlar!$K$10:$K$1009,A21)) | G21: =IF(OR(A21="",B21=0),"",AVERAGEIFS(Alımlar!$M$10:$M$1009,Alımlar!$K$10:$K$1009,A21)) | H21: =IF(OR(E21="",E21=0),"",F21/E21-1) | I21: =IF(A21="","",COUNTIFS(Alımlar!$K$10:$K$1009,A21,Alımlar!$Q$10:$Q$1009,"İNCELE"))
... B105: =IF(A105="","",COUNTIF(Alımlar!$K$10:$K$1009,A105)) | C105: =IF(A105="","",SUMIFS(Alımlar!$S$10:$S$1009,Alımlar!$K$10:$K$1009,A105)) | D105: =IF(A105="","",SUMIFS(Alımlar!$J$10:$J$1009,Alımlar!$K$10:$K$1009,A105)) | E105: =IF(OR(A105="",B105=0),"",_xlfn.MINIFS(Alımlar!$M$10:$M$1009,Alımlar!$K$10:$K$1009,A105)) | F105: =IF(OR(A105="",B105=0),"",_xlfn.MAXIFS(Alımlar!$M$10:$M$1009,Alımlar!$K$10:$K$1009,A105)) | G105: =IF(OR(A105="",B105=0),"",AVERAGEIFS(Alımlar!$M$10:$M$1009,Alımlar!$K$10:$K$1009,A105)) | H105: =IF(OR(E105="",E105=0),"",F105/E105-1) | I105: =IF(A105="","",COUNTIFS(Alımlar!$K$10:$K$1009,A105,Alımlar!$Q$10:$Q$1009,"İNCELE"))

Sheet Nasıl kullanılır
A1: NİRENGİ DANIŞMANLIK | B1: emreceran.github.io/nirengi-danismanlik
A2: Satın Alma Fiyat Takip Tablosu
A3: Bu sayfa şablonun nasıl kullanılacağını anlatır.
A5: ■ | B5: Sarı hücreler giriş hücreleridir; kendi rakamlarınızı buraya yazın. Beyaz hücreler formüldür, değiştirmeyin.
A7: 1. | B7: Alımlar sayfasına alış faturalarının kalemlerini girin: tarih, tedarikçi, fatura no, faturadaki ürün adı, miktar, birim, birim fiyat ve varsa iskonto. Muhasebe programınızdan alış faturası kalem listesini Excel'e alıp yapıştırabilirsiniz.
A8: 2. | B8: Ürün Eşleştirme sayfasında, farklı tedarikçilerin farklı yazdığı aynı ürünü tek bir standart ada bağlayın. Birimler farklıysa çevrim katsayısını yazın (örneğin 15 kg'lık makara = 15 KG, 6 metrelik boy profil = boyun kg ağırlığı).
A9: 3. | B9: Standart birim fiyat, her alımın standart birime çevrilmiş fiyatıdır. Önceki ortalama, aynı ürünün karşılaştırma penceresi (varsayılan 90 gün) içindeki önceki alımlarının ortalamasıdır; enflasyon ortamında yıllık ortalamadan daha doğru bir karşılaştırma verir.
A10: 4. | B10: Fark %, sapma eşiğini (varsayılan %10) aşarsa 'İNCELE' yazar ve olası fazla ödeme hesaplanır. Aynı tedarikçi, fatura no, ürün ve miktarla iki kez girilmiş kalemler 'MÜKERRER?' olarak işaretlenir.
A11: 5. | B11: Dönemin en düşüğü sütunu, aynı pencerede aynı ürüne herhangi bir tedarikçiye ödenen en düşük fiyatı gösterir; tedarikçi pazarlığında kullanın.
A12: 6. | B12: Ürün Özeti sayfasına standart ürün adlarını yazarak her ürünün fiyat aralığını ve incelenecek alım sayısını görebilirsiniz.
A13: 7. | B13: Çok sayıda faturayı hızlıca incelemek için sitemizdeki ücretsiz Fatura Fiyat Kontrolü aracına e-fatura XML dosyalarınızı da yükleyebilirsiniz.
B15: Örnek veriler yalnızca şablonun nasıl çalıştığını göstermek içindir; silip kendi verinizi girebilirsiniz.
B17: Konuyla ilgili yazı
B18: https://emreceran.github.io/nirengi-danismanlik/blog/alis-faturalarinda-fiyat-sapmasi.html
B20: Takıldığınız yerde ya da sonuçları birlikte yorumlamak isterseniz: ücretsiz ilk görüşme
B21: https://emreceran.github.io/nirengi-danismanlik/iletisim.html
B23: Bu şablon genel bilgilendirme amaçlıdır ve ücretsiz olarak paylaşılabilir. © Nirengi Danışmanlık
