Workbook

Sheet Nakit Akışı
A1: NİRENGİ DANIŞMANLIK | O1: emreceran.github.io/nirengi-danismanlik
A2: 13 Haftalık Nakit Akış Tablosu
A3: Önümüzdeki 13 haftanın tahsilat ve ödemelerini haftalara bölün; açığı önceden görün.
B5: Başlangıç tarihi (hafta 1'in ilk günü) | C5: 46328 | E5: En düşük hafta sonu nakdi | F5: =MIN(C29:O29)
B6: Bugünkü kullanılabilir nakit (kasa + banka) | C6: 1850000 | E6: En düşük nokta hangi haftada | F6: =INDEX(C10:O10,MATCH(MIN(C29:O29),C29:O29,0))
B7: Asgari nakit hedefi | C7: 800000 | E7: Hedefin altında kalan hafta sayısı | F7: =COUNTIF(C29:O29,"<"&C7)
B8: Kullanılabilir kredi limiti (nakit sayılmaz) | C8: 1000000
B10: Hafta | C10: Hafta 1 | D10: Hafta 2 | E10: Hafta 3 | F10: Hafta 4 | G10: Hafta 5 | H10: Hafta 6 | I10: Hafta 7 | J10: Hafta 8 | K10: Hafta 9 | L10: Hafta 10 | M10: Hafta 11 | N10: Hafta 12 | O10: Hafta 13
B11: Haftanın ilk günü | C11: =$C$5+0 | D11: =$C$5+7 | E11: =$C$5+14 | F11: =$C$5+21 | G11: =$C$5+28 | H11: =$C$5+35 | I11: =$C$5+42 | J11: =$C$5+49 | K11: =$C$5+56 | L11: =$C$5+63 | M11: =$C$5+70 | N11: =$C$5+77 | O11: =$C$5+84
B12: Başlangıç nakdi | C12: =$C$6 | D12: =C29 | E12: =D29 | F12: =E29 | G12: =F29 | H12: =G29 | I12: =H29 | J12: =I29 | K12: =J29 | ... O12: =N29
B13: GİRİŞLER
B14: Müşteri tahsilatları | C14: 920000 | D14: 780000 | E14: 1100000 | F14: 650000 | G14: 980000 | H14: 870000 | I14: 1200000 | J14: 700000 | K14: 940000 | L14: 820000 | M14: 1050000 | N14: 760000 | O14: 990000
B15: Çek / senet tahsilatları | C15: 150000 | D15: 0 | E15: 300000 | F15: 120000 | G15: 0 | H15: 250000 | I15: 0 | J15: 180000 | K15: 0 | L15: 300000 | M15: 0 | N15: 150000 | O15: 200000
B16: Kredi kullanımı | C16: 0 | D16: 0 | E16: 0 | F16: 0 | G16: 0 | H16: 0 | I16: 0 | J16: 0 | K16: 0 | L16: 0 | M16: 0 | N16: 0 | O16: 0
B17: Diğer girişler | C17: 0 | D17: 0 | E17: 0 | F17: 40000 | G17: 0 | H17: 0 | I17: 0 | J17: 0 | K17: 25000 | L17: 0 | M17: 0 | N17: 0 | O17: 0
B18: Toplam giriş | C18: =SUM(C14:C17) | D18: =SUM(D14:D17) | E18: =SUM(E14:E17) | F18: =SUM(F14:F17) | G18: =SUM(G14:G17) | H18: =SUM(H14:H17) | I18: =SUM(I14:I17) | J18: =SUM(J14:J17) | ... O18: =SUM(O14:O17)
B19: ÇIKIŞLAR
B20: Tedarikçi ödemeleri | C20: 700000 | D20: 820000 | E20: 650000 | F20: 900000 | G20: 760000 | H20: 680000 | I20: 950000 | J20: 720000 | K20: 800000 | L20: 700000 | M20: 880000 | N20: 640000 | O20: 760000
B21: Maaş ve SGK | C21: 0 | D21: 0 | E21: 0 | F21: 640000 | G21: 0 | H21: 0 | I21: 0 | J21: 640000 | K21: 0 | L21: 0 | M21: 0 | N21: 0 | O21: 640000
B22: Vergiler (KDV, muhtasar, geçici vergi) | C22: 0 | D22: 0 | E22: 310000 | F22: 0 | G22: 0 | H22: 0 | I22: 290000 | J22: 0 | K22: 0 | L22: 0 | M22: 330000 | N22: 0 | O22: 0
B23: Kira ve sabit giderler | C23: 85000 | D23: 0 | E23: 0 | F23: 0 | G23: 85000 | H23: 0 | I23: 0 | J23: 0 | K23: 85000 | L23: 0 | M23: 0 | N23: 0 | O23: 85000
B24: Kredi anapara ve faiz | C24: 0 | D24: 210000 | E24: 0 | F24: 0 | G24: 0 | H24: 210000 | I24: 0 | J24: 0 | K24: 0 | L24: 210000 | M24: 0 | N24: 0 | O24: 0
B25: Yatırım ödemeleri | C25: 0 | D25: 0 | E25: 0 | F25: 0 | G25: 0 | H25: 400000 | I25: 0 | J25: 0 | K25: 0 | L25: 0 | M25: 0 | N25: 0 | O25: 0
B26: Diğer çıkışlar | C26: 30000 | D26: 30000 | E26: 30000 | F26: 30000 | G26: 30000 | H26: 30000 | I26: 30000 | J26: 30000 | K26: 30000 | L26: 30000 | M26: 30000 | N26: 30000 | O26: 30000
B27: Toplam çıkış | C27: =SUM(C20:C26) | D27: =SUM(D20:D26) | E27: =SUM(E20:E26) | F27: =SUM(F20:F26) | G27: =SUM(G20:G26) | H27: =SUM(H20:H26) | I27: =SUM(I20:I26) | J27: =SUM(J20:J26) | ... O27: =SUM(O20:O26)
B28: Net nakit akışı | C28: =C18-C27 | D28: =D18-D27 | E28: =E18-E27 | F28: =F18-F27 | G28: =G18-G27 | H28: =H18-H27 | I28: =I18-I27 | J28: =J18-J27 | ... O28: =O18-O27
B29: Hafta sonu nakdi | C29: =C12+C28 | D29: =D12+D28 | E29: =E12+E28 | F29: =F12+F28 | G29: =G12+G28 | H29: =H12+H28 | I29: =I12+I28 | J29: =J12+J28 | ... O29: =O12+O28
B30: Kredi limiti dahil kullanılabilir kaynak | C30: =C29+$C$8 | D30: =D29+$C$8 | E30: =E29+$C$8 | F30: =F29+$C$8 | G30: =G29+$C$8 | H30: =H29+$C$8 | I30: =I29+$C$8 | J30: =J29+$C$8 | ... O30: =O29+$C$8
B31: Durum | C31: =IF(C29<0,"AÇIK",IF(C29<$C$7,"Hedef altı","Yeterli")) | D31: =IF(D29<0,"AÇIK",IF(D29<$C$7,"Hedef altı","Yeterli")) | E31: =IF(E29<0,"AÇIK",IF(E29<$C$7,"Hedef altı","Yeterli")) | F31: =IF(F29<0,"AÇIK",IF(F29<$C$7,"Hedef altı","Yeterli")) | G31: =IF(G29<0,"AÇIK",IF(G29<$C$7,"Hedef altı","Yeterli")) | H31: =IF(H29<0,"AÇIK",IF(H29<$C$7,"Hedef altı","Yeterli")) | I31: =IF(I29<0,"AÇIK",IF(I29<$C$7,"Hedef altı","Yeterli")) | J31: =IF(J29<0,"AÇIK",IF(J29<$C$7,"Hedef altı","Yeterli")) | ... O31: =IF(O29<0,"AÇIK",IF(O29<$C$7,"Hedef altı","Yeterli"))

Sheet Tahmin-Gerçekleşen
A1: NİRENGİ DANIŞMANLIK | H1: emreceran.github.io/nirengi-danismanlik
A2: Tahmin ile gerçekleşenin karşılaştırılması
A3: Her hafta sonunda gerçek rakamları yazın; farklar işletmenizin gerçek davranışını gösterir.
A5: Hafta | B5: İlk gün | C5: Tahmini giriş | D5: Gerçek giriş | E5: Fark | F5: Tahmini çıkış | G5: Gerçek çıkış | H5: Fark
A6: Hafta 1 | B6: ='Nakit Akışı'!C11 | C6: ='Nakit Akışı'!C18 | D6: 905000 | E6: =IF(D6="","",D6-C6) | F6: ='Nakit Akışı'!C27 | G6: 790000 | H6: =IF(G6="","",G6-F6)
A7: Hafta 2 | B7: ='Nakit Akışı'!D11 | C7: ='Nakit Akışı'!D18 | D7: 640000 | E7: =IF(D7="","",D7-C7) | F7: ='Nakit Akışı'!D27 | G7: 1140000 | H7: =IF(G7="","",G7-F7)
A8: Hafta 3 | B8: ='Nakit Akışı'!E11 | C8: ='Nakit Akışı'!E18 | E8: =IF(D8="","",D8-C8) | F8: ='Nakit Akışı'!E27 | H8: =IF(G8="","",G8-F8)
A9: Hafta 4 | B9: ='Nakit Akışı'!F11 | C9: ='Nakit Akışı'!F18 | E9: =IF(D9="","",D9-C9) | F9: ='Nakit Akışı'!F27 | H9: =IF(G9="","",G9-F9)
A10: Hafta 5 | B10: ='Nakit Akışı'!G11 | C10: ='Nakit Akışı'!G18 | E10: =IF(D10="","",D10-C10) | F10: ='Nakit Akışı'!G27 | H10: =IF(G10="","",G10-F10)
A11: Hafta 6 | B11: ='Nakit Akışı'!H11 | C11: ='Nakit Akışı'!H18 | E11: =IF(D11="","",D11-C11) | F11: ='Nakit Akışı'!H27 | H11: =IF(G11="","",G11-F11)
A12: Hafta 7 | B12: ='Nakit Akışı'!I11 | C12: ='Nakit Akışı'!I18 | E12: =IF(D12="","",D12-C12) | F12: ='Nakit Akışı'!I27 | H12: =IF(G12="","",G12-F12)
A13: Hafta 8 | B13: ='Nakit Akışı'!J11 | C13: ='Nakit Akışı'!J18 | E13: =IF(D13="","",D13-C13) | F13: ='Nakit Akışı'!J27 | H13: =IF(G13="","",G13-F13)
A14: Hafta 9 | B14: ='Nakit Akışı'!K11 | C14: ='Nakit Akışı'!K18 | E14: =IF(D14="","",D14-C14) | F14: ='Nakit Akışı'!K27 | H14: =IF(G14="","",G14-F14)
A15: Hafta 10 | B15: ='Nakit Akışı'!L11 | C15: ='Nakit Akışı'!L18 | E15: =IF(D15="","",D15-C15) | F15: ='Nakit Akışı'!L27 | H15: =IF(G15="","",G15-F15)
A16: Hafta 11 | B16: ='Nakit Akışı'!M11 | C16: ='Nakit Akışı'!M18 | E16: =IF(D16="","",D16-C16) | F16: ='Nakit Akışı'!M27 | H16: =IF(G16="","",G16-F16)
A17: Hafta 12 | B17: ='Nakit Akışı'!N11 | C17: ='Nakit Akışı'!N18 | E17: =IF(D17="","",D17-C17) | F17: ='Nakit Akışı'!N27 | H17: =IF(G17="","",G17-F17)
A18: Hafta 13 | B18: ='Nakit Akışı'!O11 | C18: ='Nakit Akışı'!O18 | E18: =IF(D18="","",D18-C18) | F18: ='Nakit Akışı'!O27 | H18: =IF(G18="","",G18-F18)

Sheet Nasıl kullanılır
A1: NİRENGİ DANIŞMANLIK | B1: emreceran.github.io/nirengi-danismanlik
A2: 13 Haftalık Nakit Akış Tablosu
A3: Bu sayfa şablonun nasıl kullanılacağını anlatır.
A5: ■ | B5: Sarı hücreler giriş hücreleridir; kendi rakamlarınızı buraya yazın. Beyaz hücreler formüldür, değiştirmeyin.
A7: 1. | B7: Nakit Akışı sayfasında başlangıç tarihini, bugünkü kullanılabilir nakdi (kasa + vadesiz banka), asgari nakit hedefinizi ve kullanılabilir kredi limitinizi yazın.
A8: 2. | B8: Tahsilatları faturanın vadesine göre değil, müşterinin geçmişte gerçekten ödediği güne göre ilgili haftaya yazın.
A9: 3. | B9: Ödemeleri tedarikçi vadesine, maaş ve SGK'yı ödeme gününe, vergileri beyan takvimine göre yerleştirin. KDV ve SGK genellikle en büyük çıkışlardır.
A10: 4. | B10: Hafta sonu nakdi otomatik hesaplanır. 'AÇIK' yazan hafta kasanın eksiye düştüğü, 'Hedef altı' yazan hafta asgari hedefin altına inildiği haftadır.
A11: 5. | B11: Kredi limiti nakit değildir; ayrı satırda yalnızca bilgi olarak gösterilir.
A12: 6. | B12: Her hafta sonunda Tahmin-Gerçekleşen sayfasına gerçek giriş ve çıkışları yazın. Birkaç hafta sonra tahminleriniz belirgin biçimde isabetli hale gelir.
A13: 7. | B13: Her pazartesi geçen haftayı silip (sütunları sola kaydırıp) sona yeni bir hafta ekleyerek tabloyu hep 13 hafta ileriye bakar halde tutun.
B15: Örnek veriler yalnızca şablonun nasıl çalıştığını göstermek içindir; silip kendi verinizi girebilirsiniz.
B17: Konuyla ilgili yazı
B18: https://emreceran.github.io/nirengi-danismanlik/blog/13-haftalik-nakit-akis-tablosu.html
B20: Takıldığınız yerde ya da sonuçları birlikte yorumlamak isterseniz: ücretsiz ilk görüşme
B21: https://emreceran.github.io/nirengi-danismanlik/iletisim.html
B23: Bu şablon genel bilgilendirme amaçlıdır ve ücretsiz olarak paylaşılabilir. © Nirengi Danışmanlık
